,station_id,stationname,date,daytype,rides
251,41700,Washington/Wabash,12/09/2017,A,"5,749"
271,41700,Washington/Wabash,12/14/2017,W,"10,228"
386,41700,Washington/Wabash,12/25/2017,U,"1,205"
474,41700,Washington/Wabash,12/27/2017,W,"6,092"
493,41700,Washington/Wabash,12/29/2017,W,"7,313"
494,41700,Washington/Wabash,12/18/2017,W,"10,378"
503,41700,Washington/Wabash,12/19/2017,W,"11,253"
655,41700,Washington/Wabash,12/17/2017,U,"4,031"
885,41700,Washington/Wabash,12/04/2017,W,"10,619"
912,41700,Washington/Wabash,12/01/2017,W,"11,381"
948,41700,Washington/Wabash,12/21/2017,W,"10,799"
987,41700,Washington/Wabash,12/06/2017,W,"10,271"
1019,41700,Washington/Wabash,12/26/2017,W,"4,725"
1146,41700,Washington/Wabash,12/22/2017,W,"10,513"
1288,41700,Washington/Wabash,12/31/2017,U,"2,881"
1439,41700,Washington/Wabash,12/20/2017,W,"10,591"
1550,41700,Washington/Wabash,12/05/2017,W,"9,968"
1590,41700,Washington/Wabash,12/24/2017,U,"2,935"
1601,41700,Washington/Wabash,12/07/2017,W,"10,266"
1819,41700,Washington/Wabash,12/10/2017,U,"3,958"
2091,41700,Washington/Wabash,12/02/2017,A,"8,106"
2901,41700,Washington/Wabash,12/13/2017,W,"10,252"
3123,41700,Washington/Wabash,12/30/2017,A,"3,400"
3313,41700,Washington/Wabash,12/28/2017,W,"6,798"
3590,41700,Washington/Wabash,12/23/2017,A,"5,777"
3697,41700,Washington/Wabash,12/03/2017,U,"5,048"
3704,41700,Washington/Wabash,12/12/2017,W,"10,088"
4043,41700,Washington/Wabash,12/16/2017,A,"6,904"
4217,41700,Washington/Wabash,12/15/2017,W,"9,987"
4405,41700,Washington/Wabash,12/11/2017,W,"10,059"
4425,41700,Washington/Wabash,12/08/2017,W,"10,835"
4729,41700,Washington/Wabash,01/06/2018,A,"3,473"
4741,41700,Washington/Wabash,01/17/2018,W,"9,165"
4906,41700,Washington/Wabash,02/23/2018,W,"9,862"
5097,41700,Washington/Wabash,02/02/2018,W,"8,857"
5182,41700,Washington/Wabash,01/21/2018,U,"2,776"
5306,41700,Washington/Wabash,01/07/2018,U,"2,399"
5404,41700,Washington/Wabash,02/10/2018,A,"3,970"
5500,41700,Washington/Wabash,03/17/2018,A,"9,627"
5586,41700,Washington/Wabash,02/12/2018,W,"9,116"
5774,41700,Washington/Wabash,02/09/2018,W,"6,159"
5853,41700,Washington/Wabash,01/09/2018,W,"9,033"
5949,41700,Washington/Wabash,01/30/2018,W,"8,811"
5968,41700,Washington/Wabash,03/08/2018,W,"10,001"
6428,41700,Washington/Wabash,01/10/2018,W,"9,588"
6558,41700,Washington/Wabash,03/02/2018,W,"9,248"
6650,41700,Washington/Wabash,03/07/2018,W,"9,898"
7466,41700,Washington/Wabash,02/08/2018,W,"9,490"
7599,41700,Washington/Wabash,01/14/2018,U,"2,640"
7605,41700,Washington/Wabash,02/19/2018,W,"6,805"
7645,41700,Washington/Wabash,02/15/2018,W,"9,930"
7716,41700,Washington/Wabash,03/21/2018,W,"9,984"
7719,41700,Washington/Wabash,01/03/2018,W,"7,723"
8053,41700,Washington/Wabash,03/26/2018,W,"9,143"
8195,41700,Washington/Wabash,01/25/2018,W,"9,846"
8356,41700,Washington/Wabash,01/05/2018,W,"7,725"
8648,41700,Washington/Wabash,03/16/2018,W,"9,919"
8746,41700,Washington/Wabash,02/18/2018,U,"3,613"
8757,41700,Washington/Wabash,01/15/2018,W,"5,728"
8818,41700,Washington/Wabash,02/06/2018,W,"9,073"
8898,41700,Washington/Wabash,01/12/2018,W,"8,901"
8901,41700,Washington/Wabash,02/22/2018,W,"9,937"
8924,41700,Washington/Wabash,01/18/2018,W,"9,653"
8960,41700,Washington/Wabash,02/21/2018,W,"9,721"
9077,41700,Washington/Wabash,03/19/2018,W,"9,851"
9286,41700,Washington/Wabash,03/13/2018,W,"9,696"
9558,41700,Washington/Wabash,03/10/2018,A,"4,802"
9654,41700,Washington/Wabash,03/27/2018,W,"9,457"
9877,41700,Washington/Wabash,02/14/2018,W,"10,303"
9904,41700,Washington/Wabash,02/07/2018,W,"9,290"
10210,41700,Washington/Wabash,01/29/2018,W,"9,206"
10213,41700,Washington/Wabash,03/30/2018,W,"9,305"
10214,41700,Washington/Wabash,02/27/2018,W,"10,432"
10291,41700,Washington/Wabash,01/02/2018,W,"6,581"
10298,41700,Washington/Wabash,02/11/2018,U,"2,583"
10404,41700,Washington/Wabash,02/28/2018,W,"9,518"
11069,41700,Washington/Wabash,03/01/2018,W,"9,700"
11091,41700,Washington/Wabash,02/16/2018,W,"9,706"
11176,41700,Washington/Wabash,03/11/2018,U,"3,012"
11580,41700,Washington/Wabash,03/05/2018,W,"9,071"
11961,41700,Washington/Wabash,02/13/2018,W,"10,184"
12205,41700,Washington/Wabash,01/19/2018,W,"9,481"
12331,41700,Washington/Wabash,03/22/2018,W,"10,101"
12394,41700,Washington/Wabash,03/23/2018,W,"9,466"
12510,41700,Washington/Wabash,01/20/2018,A,"6,211"
13075,41700,Washington/Wabash,03/06/2018,W,"9,602"
13182,41700,Washington/Wabash,01/08/2018,W,"9,018"
13240,41700,Washington/Wabash,02/05/2018,W,"8,738"
13304,41700,Washington/Wabash,03/09/2018,W,"9,667"
13419,41700,Washington/Wabash,02/24/2018,A,"4,610"
13499,41700,Washington/Wabash,03/31/2018,A,"4,319"
13612,41700,Washington/Wabash,03/29/2018,W,"9,427"
13617,41700,Washington/Wabash,01/16/2018,W,"9,074"
13618,41700,Washington/Wabash,03/28/2018,W,"10,091"
13772,41700,Washington/Wabash,03/14/2018,W,"10,432"
13962,41700,Washington/Wabash,01/22/2018,W,"9,317"
14097,41700,Washington/Wabash,02/01/2018,W,"9,345"
14168,41700,Washington/Wabash,02/20/2018,W,"9,368"
14349,41700,Washington/Wabash,01/26/2018,W,"9,683"
14476,41700,Washington/Wabash,01/11/2018,W,"9,375"
14521,41700,Washington/Wabash,03/15/2018,W,"10,088"
14875,41700,Washington/Wabash,01/23/2018,W,"9,584"
15076,41700,Washington/Wabash,03/24/2018,A,"4,729"
15077,41700,Washington/Wabash,02/25/2018,U,"3,127"
15206,41700,Washington/Wabash,02/17/2018,A,"4,510"
15264,41700,Washington/Wabash,02/03/2018,A,"3,927"
15391,41700,Washington/Wabash,03/20/2018,W,"9,591"
15500,41700,Washington/Wabash,01/04/2018,W,"7,899"
15616,41700,Washington/Wabash,01/31/2018,W,"9,659"
15859,41700,Washington/Wabash,01/01/2018,U,"1,890"
15862,41700,Washington/Wabash,01/27/2018,A,"4,739"
15987,41700,Washington/Wabash,03/18/2018,U,"4,275"
16421,41700,Washington/Wabash,02/04/2018,U,"2,180"
16529,41700,Washington/Wabash,03/04/2018,U,"3,295"
16650,41700,Washington/Wabash,03/12/2018,W,"9,717"
17046,41700,Washington/Wabash,01/13/2018,A,"3,887"
17188,41700,Washington/Wabash,01/24/2018,W,"9,490"
17256,41700,Washington/Wabash,01/28/2018,U,"2,755"
17294,41700,Washington/Wabash,03/03/2018,A,"5,001"
17424,41700,Washington/Wabash,02/26/2018,W,"9,859"
17460,41700,Washington/Wabash,03/25/2018,U,"3,507"
17634,41700,Washington/Wabash,04/16/2018,W,"9,249"
17655,41700,Washington/Wabash,06/09/2018,A,"7,537"
18309,41700,Washington/Wabash,06/08/2018,W,"11,375"
18828,41700,Washington/Wabash,05/22/2018,W,"10,235"
18887,41700,Washington/Wabash,04/19/2018,W,"9,989"
19015,41700,Washington/Wabash,06/12/2018,W,"11,085"
19229,41700,Washington/Wabash,05/14/2018,W,"9,480"
19253,41700,Washington/Wabash,05/04/2018,W,"10,270"
19685,41700,Washington/Wabash,06/19/2018,W,"10,946"
19793,41700,Washington/Wabash,04/24/2018,W,"10,104"
19830,41700,Washington/Wabash,06/20/2018,W,"11,125"
20000,41700,Washington/Wabash,06/05/2018,W,"10,670"
20044,41700,Washington/Wabash,06/30/2018,A,"6,502"
20211,41700,Washington/Wabash,05/06/2018,U,"3,785"
20292,41700,Washington/Wabash,06/29/2018,W,"11,009"
20746,41700,Washington/Wabash,04/15/2018,U,"2,907"
20841,41700,Washington/Wabash,05/31/2018,W,"10,741"
20877,41700,Washington/Wabash,04/23/2018,W,"9,180"
20949,41700,Washington/Wabash,05/01/2018,W,"10,588"
20957,41700,Washington/Wabash,05/05/2018,A,"6,126"
20990,41700,Washington/Wabash,06/28/2018,W,"12,077"
21013,41700,Washington/Wabash,04/30/2018,W,"10,195"
21103,41700,Washington/Wabash,04/10/2018,W,"9,422"
21189,41700,Washington/Wabash,06/14/2018,W,"11,215"
21288,41700,Washington/Wabash,04/06/2018,W,"9,633"
21325,41700,Washington/Wabash,05/11/2018,W,"9,853"
21450,41700,Washington/Wabash,06/13/2018,W,"11,644"
21547,41700,Washington/Wabash,04/03/2018,W,"9,607"
21562,41700,Washington/Wabash,06/21/2018,W,"9,396"
21592,41700,Washington/Wabash,04/14/2018,A,"4,147"
21641,41700,Washington/Wabash,04/12/2018,W,"10,283"
21825,41700,Washington/Wabash,05/12/2018,A,"4,998"
21833,41700,Washington/Wabash,05/21/2018,W,"9,285"
21943,41700,Washington/Wabash,06/11/2018,W,"9,566"
22038,41700,Washington/Wabash,06/04/2018,W,"10,660"
22328,41700,Washington/Wabash,05/02/2018,W,"10,201"
22670,41700,Washington/Wabash,05/15/2018,W,"10,212"
22765,41700,Washington/Wabash,06/23/2018,A,"6,372"
22922,41700,Washington/Wabash,04/02/2018,W,"9,225"
22972,41700,Washington/Wabash,06/18/2018,W,"10,170"
23819,41700,Washington/Wabash,06/01/2018,W,"11,123"
24193,41700,Washington/Wabash,05/03/2018,W,"9,874"
24342,41700,Washington/Wabash,05/10/2018,W,"10,808"
24529,41700,Washington/Wabash,05/18/2018,W,"9,913"
24608,41700,Washington/Wabash,06/15/2018,W,"11,018"
24680,41700,Washington/Wabash,04/22/2018,U,"3,452"
24802,41700,Washington/Wabash,06/02/2018,A,"5,770"
24823,41700,Washington/Wabash,05/29/2018,W,"10,092"
24847,41700,Washington/Wabash,04/17/2018,W,"9,974"
24978,41700,Washington/Wabash,04/27/2018,W,"9,831"
25037,41700,Washington/Wabash,05/27/2018,U,"5,239"
25048,41700,Washington/Wabash,06/24/2018,U,"7,511"
25069,41700,Washington/Wabash,05/07/2018,W,"10,296"
25291,41700,Washington/Wabash,04/25/2018,W,"9,948"
25449,41700,Washington/Wabash,05/25/2018,W,"10,608"
25699,41700,Washington/Wabash,04/28/2018,A,"5,086"
25836,41700,Washington/Wabash,06/22/2018,W,"9,927"
25845,41700,Washington/Wabash,04/05/2018,W,"10,070"
25941,41700,Washington/Wabash,05/20/2018,U,"3,502"
26176,41700,Washington/Wabash,06/27/2018,W,"11,112"
26347,41700,Washington/Wabash,06/26/2018,W,"10,465"
26397,41700,Washington/Wabash,04/13/2018,W,"9,806"
26811,41700,Washington/Wabash,06/03/2018,U,"5,170"
26828,41700,Washington/Wabash,04/01/2018,U,"2,401"
26964,41700,Washington/Wabash,05/09/2018,W,"10,261"
27286,41700,Washington/Wabash,05/23/2018,W,"10,374"
27726,41700,Washington/Wabash,04/11/2018,W,"10,217"
27736,41700,Washington/Wabash,05/19/2018,A,"5,344"
27834,41700,Washington/Wabash,06/10/2018,U,"4,364"
27843,41700,Washington/Wabash,05/24/2018,W,"11,186"
27877,41700,Washington/Wabash,04/29/2018,U,"3,546"
28053,41700,Washington/Wabash,04/09/2018,W,"9,117"
28148,41700,Washington/Wabash,04/18/2018,W,"9,681"
28205,41700,Washington/Wabash,05/17/2018,W,"10,215"
28229,41700,Washington/Wabash,04/21/2018,A,"4,692"
28371,41700,Washington/Wabash,05/30/2018,W,"9,588"
28415,41700,Washington/Wabash,04/08/2018,U,"2,993"
28429,41700,Washington/Wabash,04/04/2018,W,"9,959"
28651,41700,Washington/Wabash,06/06/2018,W,"10,822"
28859,41700,Washington/Wabash,06/25/2018,W,"10,941"
28864,41700,Washington/Wabash,05/26/2018,A,"9,065"
28968,41700,Washington/Wabash,04/20/2018,W,"10,139"
29101,41700,Washington/Wabash,04/26/2018,W,"10,218"
29277,41700,Washington/Wabash,05/28/2018,U,"4,675"
29465,41700,Washington/Wabash,04/07/2018,A,"4,804"
29496,41700,Washington/Wabash,05/08/2018,W,"10,630"
29886,41700,Washington/Wabash,06/17/2018,U,"4,189"
30042,41700,Washington/Wabash,06/07/2018,W,"11,355"
30350,41700,Washington/Wabash,05/16/2018,W,"10,324"
30458,41700,Washington/Wabash,05/13/2018,U,"3,374"
30470,41700,Washington/Wabash,06/16/2018,A,"5,743"
35062,41700,Washington/Wabash,07/01/2018,U,"3,928"
35063,41700,Washington/Wabash,07/02/2018,W,"10,464"
35064,41700,Washington/Wabash,07/03/2018,W,"11,339"
35065,41700,Washington/Wabash,07/04/2018,U,"5,932"
35066,41700,Washington/Wabash,07/05/2018,W,"9,227"
35067,41700,Washington/Wabash,07/06/2018,W,"11,298"
35068,41700,Washington/Wabash,07/07/2018,A,"6,013"
35069,41700,Washington/Wabash,07/08/2018,U,"4,299"
35070,41700,Washington/Wabash,07/09/2018,W,"11,082"
35071,41700,Washington/Wabash,07/10/2018,W,"11,264"
35072,41700,Washington/Wabash,07/11/2018,W,"12,141"
35073,41700,Washington/Wabash,07/12/2018,W,"12,381"
35074,41700,Washington/Wabash,07/13/2018,W,"12,659"
35075,41700,Washington/Wabash,07/14/2018,A,"6,574"
35076,41700,Washington/Wabash,07/15/2018,U,"5,696"
35077,41700,Washington/Wabash,07/16/2018,W,"10,966"
35078,41700,Washington/Wabash,07/17/2018,W,"11,714"
35079,41700,Washington/Wabash,07/18/2018,W,"12,118"
35080,41700,Washington/Wabash,07/19/2018,W,"12,023"
35081,41700,Washington/Wabash,07/20/2018,W,"10,671"
35082,41700,Washington/Wabash,07/21/2018,A,"6,063"
35083,41700,Washington/Wabash,07/22/2018,U,"4,375"
35084,41700,Washington/Wabash,07/23/2018,W,"12,410"
35085,41700,Washington/Wabash,07/24/2018,W,"12,856"
35086,41700,Washington/Wabash,07/25/2018,W,"12,137"
35087,41700,Washington/Wabash,07/26/2018,W,"11,964"
35088,41700,Washington/Wabash,07/27/2018,W,"11,572"
35089,41700,Washington/Wabash,07/28/2018,A,"6,298"
35090,41700,Washington/Wabash,07/29/2018,U,"5,386"
35091,41700,Washington/Wabash,07/30/2018,W,"11,676"
35092,41700,Washington/Wabash,07/31/2018,W,"11,414"
39536,41700,Washington/Wabash,08/01/2018,W,"12,154"
39537,41700,Washington/Wabash,08/02/2018,W,"13,889"
39538,41700,Washington/Wabash,08/03/2018,W,"12,553"
39539,41700,Washington/Wabash,08/04/2018,A,"7,622"
39540,41700,Washington/Wabash,08/05/2018,U,"6,848"
39541,41700,Washington/Wabash,08/06/2018,W,"10,650"
39542,41700,Washington/Wabash,08/07/2018,W,"10,514"
39543,41700,Washington/Wabash,08/08/2018,W,"11,579"
39544,41700,Washington/Wabash,08/09/2018,W,"12,422"
39545,41700,Washington/Wabash,08/10/2018,W,"11,105"
39546,41700,Washington/Wabash,08/11/2018,A,"6,376"
39547,41700,Washington/Wabash,08/12/2018,U,"5,161"
39548,41700,Washington/Wabash,08/13/2018,W,"11,515"
39549,41700,Washington/Wabash,08/14/2018,W,"12,453"
39550,41700,Washington/Wabash,08/15/2018,W,"10,519"
39551,41700,Washington/Wabash,08/16/2018,W,"11,548"
39552,41700,Washington/Wabash,08/17/2018,W,"11,028"
39553,41700,Washington/Wabash,08/18/2018,A,"6,666"
39554,41700,Washington/Wabash,08/19/2018,U,"4,680"
39555,41700,Washington/Wabash,08/20/2018,W,"9,839"
39556,41700,Washington/Wabash,08/21/2018,W,"10,542"
39557,41700,Washington/Wabash,08/22/2018,W,"10,721"
39558,41700,Washington/Wabash,08/23/2018,W,"11,451"
39559,41700,Washington/Wabash,08/24/2018,W,"9,574"
39560,41700,Washington/Wabash,08/25/2018,A,"5,868"
39561,41700,Washington/Wabash,08/26/2018,U,"3,970"
39562,41700,Washington/Wabash,08/27/2018,W,"10,674"
39563,41700,Washington/Wabash,08/28/2018,W,"11,665"
39564,41700,Washington/Wabash,08/29/2018,W,"11,050"
39565,41700,Washington/Wabash,08/30/2018,W,"11,731"
39566,41700,Washington/Wabash,08/31/2018,W,"12,242"
43857,41700,Washington/Wabash,09/01/2018,A,"6,097"
43858,41700,Washington/Wabash,09/02/2018,U,"6,124"
43859,41700,Washington/Wabash,09/03/2018,U,"3,921"
43860,41700,Washington/Wabash,09/04/2018,W,"10,423"
43861,41700,Washington/Wabash,09/05/2018,W,"10,848"
43862,41700,Washington/Wabash,09/06/2018,W,"10,661"
43863,41700,Washington/Wabash,09/07/2018,W,"11,118"
43864,41700,Washington/Wabash,09/08/2018,A,"5,629"
43865,41700,Washington/Wabash,09/09/2018,U,"3,821"
43866,41700,Washington/Wabash,09/10/2018,W,"10,835"
43867,41700,Washington/Wabash,09/11/2018,W,"11,524"
43868,41700,Washington/Wabash,09/12/2018,W,"11,767"
43869,41700,Washington/Wabash,09/13/2018,W,"11,961"
43870,41700,Washington/Wabash,09/14/2018,W,"11,817"
43871,41700,Washington/Wabash,09/15/2018,A,"7,091"
43872,41700,Washington/Wabash,09/16/2018,U,"4,518"
43873,41700,Washington/Wabash,09/17/2018,W,"11,319"
43874,41700,Washington/Wabash,09/18/2018,W,"11,068"
43875,41700,Washington/Wabash,09/19/2018,W,"11,016"
43876,41700,Washington/Wabash,09/20/2018,W,"12,015"
43877,41700,Washington/Wabash,09/21/2018,W,"11,448"
43878,41700,Washington/Wabash,09/22/2018,A,"6,249"
43879,41700,Washington/Wabash,09/23/2018,U,"5,351"
43880,41700,Washington/Wabash,09/24/2018,W,"10,831"
43881,41700,Washington/Wabash,09/25/2018,W,"10,994"
43882,41700,Washington/Wabash,09/26/2018,W,"11,404"
43883,41700,Washington/Wabash,09/27/2018,W,"11,600"
43884,41700,Washington/Wabash,09/28/2018,W,"10,850"
43885,41700,Washington/Wabash,09/29/2018,A,"5,863"
43886,41700,Washington/Wabash,09/30/2018,U,"4,257"
48334,41700,Washington/Wabash,10/01/2018,W,"10,986"
48335,41700,Washington/Wabash,10/02/2018,W,"11,007"
48336,41700,Washington/Wabash,10/03/2018,W,"11,564"
48337,41700,Washington/Wabash,10/04/2018,W,"11,469"
48338,41700,Washington/Wabash,10/05/2018,W,"11,440"
48339,41700,Washington/Wabash,10/06/2018,A,"6,291"
48340,41700,Washington/Wabash,10/07/2018,U,"5,881"
48341,41700,Washington/Wabash,10/08/2018,W,"11,335"
48342,41700,Washington/Wabash,10/09/2018,W,"11,424"
48343,41700,Washington/Wabash,10/10/2018,W,"10,901"
48344,41700,Washington/Wabash,10/11/2018,W,"11,353"
48345,41700,Washington/Wabash,10/12/2018,W,"11,010"
48346,41700,Washington/Wabash,10/13/2018,A,"5,944"
48347,41700,Washington/Wabash,10/14/2018,U,"4,016"
48348,41700,Washington/Wabash,10/15/2018,W,"11,024"
48349,41700,Washington/Wabash,10/16/2018,W,"11,267"
48350,41700,Washington/Wabash,10/17/2018,W,"11,107"
48351,41700,Washington/Wabash,10/18/2018,W,"11,134"
48352,41700,Washington/Wabash,10/19/2018,W,"10,511"
48353,41700,Washington/Wabash,10/20/2018,A,"6,034"
48354,41700,Washington/Wabash,10/21/2018,U,"3,890"
48355,41700,Washington/Wabash,10/22/2018,W,"10,913"
48356,41700,Washington/Wabash,10/23/2018,W,"11,182"
48357,41700,Washington/Wabash,10/24/2018,W,"10,792"
48358,41700,Washington/Wabash,10/25/2018,W,"11,065"
48359,41700,Washington/Wabash,10/26/2018,W,"10,900"
48360,41700,Washington/Wabash,10/27/2018,A,"5,411"
48361,41700,Washington/Wabash,10/28/2018,U,"3,208"
48362,41700,Washington/Wabash,10/29/2018,W,"10,645"
48363,41700,Washington/Wabash,10/30/2018,W,"11,153"
48364,41700,Washington/Wabash,10/31/2018,W,"10,641"
52568,41700,Washington/Wabash,11/01/2018,W,"10,805"
52569,41700,Washington/Wabash,11/02/2018,W,"10,869"
52570,41700,Washington/Wabash,11/03/2018,A,"7,237"
52571,41700,Washington/Wabash,11/04/2018,U,"5,540"
52572,41700,Washington/Wabash,11/05/2018,W,"10,700"
52573,41700,Washington/Wabash,11/06/2018,W,"10,420"
52574,41700,Washington/Wabash,11/07/2018,W,"10,872"
52575,41700,Washington/Wabash,11/08/2018,W,"11,125"
52576,41700,Washington/Wabash,11/09/2018,W,"10,280"
52577,41700,Washington/Wabash,11/10/2018,A,"5,107"
52578,41700,Washington/Wabash,11/11/2018,U,"3,578"
52579,41700,Washington/Wabash,11/12/2018,W,"8,752"
52580,41700,Washington/Wabash,11/13/2018,W,"10,566"
52581,41700,Washington/Wabash,11/14/2018,W,"10,538"
52582,41700,Washington/Wabash,11/15/2018,W,"10,807"
52583,41700,Washington/Wabash,11/16/2018,W,"14,786"
52584,41700,Washington/Wabash,11/17/2018,A,"7,954"
52585,41700,Washington/Wabash,11/18/2018,U,"4,481"
52586,41700,Washington/Wabash,11/19/2018,W,"10,774"
52587,41700,Washington/Wabash,11/20/2018,W,"11,010"
52588,41700,Washington/Wabash,11/21/2018,W,"9,541"
52589,41700,Washington/Wabash,11/22/2018,U,"2,659"
52590,41700,Washington/Wabash,11/23/2018,W,"8,417"
52591,41700,Washington/Wabash,11/24/2018,A,"6,125"
52592,41700,Washington/Wabash,11/25/2018,U,"2,921"
52593,41700,Washington/Wabash,11/26/2018,W,"9,279"
52594,41700,Washington/Wabash,11/27/2018,W,"10,604"
52595,41700,Washington/Wabash,11/28/2018,W,"10,816"
52596,41700,Washington/Wabash,11/29/2018,W,"11,397"
52597,41700,Washington/Wabash,11/30/2018,W,"11,684"
57055,41700,Washington/Wabash,12/01/2018,A,"5,044"
57056,41700,Washington/Wabash,12/02/2018,U,"3,597"
57057,41700,Washington/Wabash,12/03/2018,W,"10,349"
57058,41700,Washington/Wabash,12/04/2018,W,"10,769"
57059,41700,Washington/Wabash,12/05/2018,W,"10,843"
57060,41700,Washington/Wabash,12/06/2018,W,"11,438"
57061,41700,Washington/Wabash,12/07/2018,W,"10,737"
57062,41700,Washington/Wabash,12/08/2018,A,"6,225"
57063,41700,Washington/Wabash,12/09/2018,U,"4,097"
57064,41700,Washington/Wabash,12/10/2018,W,"10,438"
57065,41700,Washington/Wabash,12/11/2018,W,"11,133"
57066,41700,Washington/Wabash,12/12/2018,W,"10,826"
57067,41700,Washington/Wabash,12/13/2018,W,"11,078"
57068,41700,Washington/Wabash,12/14/2018,W,"11,052"
57069,41700,Washington/Wabash,12/15/2018,A,"6,954"
57070,41700,Washington/Wabash,12/16/2018,U,"4,713"
57071,41700,Washington/Wabash,12/17/2018,W,"10,844"
57072,41700,Washington/Wabash,12/18/2018,W,"11,176"
57073,41700,Washington/Wabash,12/19/2018,W,"11,336"
57074,41700,Washington/Wabash,12/20/2018,W,"10,541"
57075,41700,Washington/Wabash,12/21/2018,W,"10,247"
57076,41700,Washington/Wabash,12/22/2018,A,"5,729"
57077,41700,Washington/Wabash,12/23/2018,U,"4,932"
57078,41700,Washington/Wabash,12/24/2018,W,"5,060"
57079,41700,Washington/Wabash,12/25/2018,U,"1,723"
57080,41700,Washington/Wabash,12/26/2018,W,"7,205"
57081,41700,Washington/Wabash,12/27/2018,W,"7,187"
57082,41700,Washington/Wabash,12/28/2018,W,"8,059"
57083,41700,Washington/Wabash,12/29/2018,A,"4,479"
57084,41700,Washington/Wabash,12/30/2018,U,"4,203"
57085,41700,Washington/Wabash,12/31/2018,W,"5,335"
61532,41700,Washington/Wabash,01/01/2019,U,"2,690"
61533,41700,Washington/Wabash,01/02/2019,W,"8,530"
61534,41700,Washington/Wabash,01/03/2019,W,"9,484"
61535,41700,Washington/Wabash,01/04/2019,W,"9,804"
61536,41700,Washington/Wabash,01/05/2019,A,"4,830"
61537,41700,Washington/Wabash,01/06/2019,U,"2,836"
61538,41700,Washington/Wabash,01/07/2019,W,"9,318"
61539,41700,Washington/Wabash,01/08/2019,W,"9,879"
61540,41700,Washington/Wabash,01/09/2019,W,"9,741"
61541,41700,Washington/Wabash,01/10/2019,W,"9,746"
61542,41700,Washington/Wabash,01/11/2019,W,"9,644"
61543,41700,Washington/Wabash,01/12/2019,A,"3,852"
61544,41700,Washington/Wabash,01/13/2019,U,"2,697"
61545,41700,Washington/Wabash,01/14/2019,W,"9,485"
61546,41700,Washington/Wabash,01/15/2019,W,"9,774"
61547,41700,Washington/Wabash,01/16/2019,W,"9,808"
61548,41700,Washington/Wabash,01/17/2019,W,"9,983"
61549,41700,Washington/Wabash,01/18/2019,W,"9,513"
61550,41700,Washington/Wabash,01/19/2019,A,"3,387"
61551,41700,Washington/Wabash,01/20/2019,U,"2,553"
61552,41700,Washington/Wabash,01/21/2019,W,"5,535"
61553,41700,Washington/Wabash,01/22/2019,W,"9,312"
61554,41700,Washington/Wabash,01/23/2019,W,"9,625"
61555,41700,Washington/Wabash,01/24/2019,W,"9,637"
61556,41700,Washington/Wabash,01/25/2019,W,"7,688"
61557,41700,Washington/Wabash,01/26/2019,A,"3,273"
61558,41700,Washington/Wabash,01/27/2019,U,"2,192"
61559,41700,Washington/Wabash,01/28/2019,W,"8,750"
61560,41700,Washington/Wabash,01/29/2019,W,"7,689"
61561,41700,Washington/Wabash,01/30/2019,W,"1,029"
61562,41700,Washington/Wabash,01/31/2019,W,"3,016"
65553,41700,Washington/Wabash,02/01/2019,W,"8,660"
65554,41700,Washington/Wabash,02/02/2019,A,"3,927"
65555,41700,Washington/Wabash,02/03/2019,U,"2,634"
65556,41700,Washington/Wabash,02/04/2019,W,"9,695"
65557,41700,Washington/Wabash,02/05/2019,W,"10,158"
65558,41700,Washington/Wabash,02/06/2019,W,"9,909"
65559,41700,Washington/Wabash,02/07/2019,W,"10,019"
65560,41700,Washington/Wabash,02/08/2019,W,"9,027"
65561,41700,Washington/Wabash,02/09/2019,A,"4,091"
65562,41700,Washington/Wabash,02/10/2019,U,"2,345"
65563,41700,Washington/Wabash,02/11/2019,W,"9,675"
65564,41700,Washington/Wabash,02/12/2019,W,"9,264"
65565,41700,Washington/Wabash,02/13/2019,W,"10,392"
65566,41700,Washington/Wabash,02/14/2019,W,"10,394"
65567,41700,Washington/Wabash,02/15/2019,W,"9,279"
65568,41700,Washington/Wabash,02/16/2019,A,"4,625"
65569,41700,Washington/Wabash,02/17/2019,U,"2,864"
65570,41700,Washington/Wabash,02/18/2019,W,"6,862"
65571,41700,Washington/Wabash,02/19/2019,W,"10,012"
65572,41700,Washington/Wabash,02/20/2019,W,"9,804"
65573,41700,Washington/Wabash,02/21/2019,W,"9,843"
65574,41700,Washington/Wabash,02/22/2019,W,"9,704"
65575,41700,Washington/Wabash,02/23/2019,A,"3,602"
65576,41700,Washington/Wabash,02/24/2019,U,"2,487"
65577,41700,Washington/Wabash,02/25/2019,W,"9,101"
65578,41700,Washington/Wabash,02/26/2019,W,"9,366"
65579,41700,Washington/Wabash,02/27/2019,W,"9,729"
65580,41700,Washington/Wabash,02/28/2019,W,"9,422"
69983,41700,Washington/Wabash,03/01/2019,W,"9,099"
69984,41700,Washington/Wabash,03/02/2019,A,"4,387"
69985,41700,Washington/Wabash,03/03/2019,U,"2,786"
69986,41700,Washington/Wabash,03/04/2019,W,"8,657"
69987,41700,Washington/Wabash,03/05/2019,W,"9,488"
69988,41700,Washington/Wabash,03/06/2019,W,"10,200"
69989,41700,Washington/Wabash,03/07/2019,W,"10,017"
69990,41700,Washington/Wabash,03/08/2019,W,"9,895"
69991,41700,Washington/Wabash,03/09/2019,A,"3,939"
69992,41700,Washington/Wabash,03/10/2019,U,"2,906"
69993,41700,Washington/Wabash,03/11/2019,W,"9,723"
69994,41700,Washington/Wabash,03/12/2019,W,"10,464"
69995,41700,Washington/Wabash,03/13/2019,W,"10,298"
69996,41700,Washington/Wabash,03/14/2019,W,"10,415"
69997,41700,Washington/Wabash,03/15/2019,W,"10,414"
69998,41700,Washington/Wabash,03/16/2019,A,"8,680"
69999,41700,Washington/Wabash,03/17/2019,U,"3,921"
70000,41700,Washington/Wabash,03/18/2019,W,"10,009"
70001,41700,Washington/Wabash,03/19/2019,W,"10,582"
70002,41700,Washington/Wabash,03/20/2019,W,"10,228"
70003,41700,Washington/Wabash,03/21/2019,W,"10,352"
70004,41700,Washington/Wabash,03/22/2019,W,"10,064"
70005,41700,Washington/Wabash,03/23/2019,A,"5,419"
70006,41700,Washington/Wabash,03/24/2019,U,"3,224"
70007,41700,Washington/Wabash,03/25/2019,W,"9,848"
70008,41700,Washington/Wabash,03/26/2019,W,"10,171"
70009,41700,Washington/Wabash,03/27/2019,W,"10,665"
70010,41700,Washington/Wabash,03/28/2019,W,"10,555"
70011,41700,Washington/Wabash,03/29/2019,W,"9,915"
70012,41700,Washington/Wabash,03/30/2019,A,"4,359"
70013,41700,Washington/Wabash,03/31/2019,U,"2,966"
74337,41700,Washington/Wabash,04/01/2019,W,"9,928"
74338,41700,Washington/Wabash,04/02/2019,W,"10,109"
74339,41700,Washington/Wabash,04/03/2019,W,"10,642"
74340,41700,Washington/Wabash,04/04/2019,W,"10,275"
74341,41700,Washington/Wabash,04/05/2019,W,"10,580"
74342,41700,Washington/Wabash,04/06/2019,A,"5,569"
74343,41700,Washington/Wabash,04/07/2019,U,"3,338"
74344,41700,Washington/Wabash,04/08/2019,W,"10,656"
74345,41700,Washington/Wabash,04/09/2019,W,"10,654"
74346,41700,Washington/Wabash,04/10/2019,W,"10,033"
74347,41700,Washington/Wabash,04/11/2019,W,"10,709"
74348,41700,Washington/Wabash,04/12/2019,W,"10,196"
74349,41700,Washington/Wabash,04/13/2019,A,"5,438"
74350,41700,Washington/Wabash,04/14/2019,U,"2,357"
74351,41700,Washington/Wabash,04/15/2019,W,"9,563"
74352,41700,Washington/Wabash,04/16/2019,W,"10,614"
74353,41700,Washington/Wabash,04/17/2019,W,"10,284"
74354,41700,Washington/Wabash,04/18/2019,W,"9,213"
74355,41700,Washington/Wabash,04/19/2019,W,"8,671"
74356,41700,Washington/Wabash,04/20/2019,A,"5,166"
74357,41700,Washington/Wabash,04/21/2019,U,"3,382"
74358,41700,Washington/Wabash,04/22/2019,W,"10,211"
74359,41700,Washington/Wabash,04/23/2019,W,"10,022"
74360,41700,Washington/Wabash,04/24/2019,W,"10,335"
74361,41700,Washington/Wabash,04/25/2019,W,"10,553"
74362,41700,Washington/Wabash,04/26/2019,W,"10,530"
74363,41700,Washington/Wabash,04/27/2019,A,"3,686"
74364,41700,Washington/Wabash,04/28/2019,U,"3,482"
74365,41700,Washington/Wabash,04/29/2019,W,"9,028"
74366,41700,Washington/Wabash,04/30/2019,W,"9,637"
78738,41700,Washington/Wabash,05/01/2019,W,"10,204"
78739,41700,Washington/Wabash,05/02/2019,W,"10,000"
78740,41700,Washington/Wabash,05/03/2019,W,"10,300"
78741,41700,Washington/Wabash,05/04/2019,A,"5,373"
78742,41700,Washington/Wabash,05/05/2019,U,"4,288"
78743,41700,Washington/Wabash,05/06/2019,W,"10,409"
78744,41700,Washington/Wabash,05/07/2019,W,"9,993"
78745,41700,Washington/Wabash,05/08/2019,W,"10,306"
78746,41700,Washington/Wabash,05/09/2019,W,"10,529"
78747,41700,Washington/Wabash,05/10/2019,W,"10,505"
78748,41700,Washington/Wabash,05/11/2019,A,"4,875"
78749,41700,Washington/Wabash,05/12/2019,U,"3,367"
78750,41700,Washington/Wabash,05/13/2019,W,"10,479"
78751,41700,Washington/Wabash,05/14/2019,W,"10,493"
78752,41700,Washington/Wabash,05/15/2019,W,"10,717"
78753,41700,Washington/Wabash,05/16/2019,W,"10,287"
78754,41700,Washington/Wabash,05/17/2019,W,"9,990"
78755,41700,Washington/Wabash,05/18/2019,A,"5,051"
78756,41700,Washington/Wabash,05/19/2019,U,"3,702"
78757,41700,Washington/Wabash,05/20/2019,W,"10,219"
78758,41700,Washington/Wabash,05/21/2019,W,"9,775"
78759,41700,Washington/Wabash,05/22/2019,W,"11,043"
78760,41700,Washington/Wabash,05/23/2019,W,"11,003"
78761,41700,Washington/Wabash,05/24/2019,W,"9,097"
78762,41700,Washington/Wabash,05/25/2019,A,"7,210"
78763,41700,Washington/Wabash,05/26/2019,U,"3,955"
78764,41700,Washington/Wabash,05/27/2019,U,"3,117"
78765,41700,Washington/Wabash,05/28/2019,W,"9,275"
78766,41700,Washington/Wabash,05/29/2019,W,"9,907"
78767,41700,Washington/Wabash,05/30/2019,W,"10,139"
78768,41700,Washington/Wabash,05/31/2019,W,"10,778"
83058,41700,Washington/Wabash,06/01/2019,A,"4,408"
83059,41700,Washington/Wabash,06/02/2019,U,"3,776"
83060,41700,Washington/Wabash,06/03/2019,W,"10,077"
83061,41700,Washington/Wabash,06/04/2019,W,"10,402"
83062,41700,Washington/Wabash,06/05/2019,W,"10,476"
83063,41700,Washington/Wabash,06/06/2019,W,"10,214"
83064,41700,Washington/Wabash,06/07/2019,W,"11,376"
83065,41700,Washington/Wabash,06/08/2019,A,"7,504"
83066,41700,Washington/Wabash,06/09/2019,U,"4,454"
83067,41700,Washington/Wabash,06/10/2019,W,"10,384"
83068,41700,Washington/Wabash,06/11/2019,W,"10,950"
83069,41700,Washington/Wabash,06/12/2019,W,"10,534"
83070,41700,Washington/Wabash,06/13/2019,W,"11,804"
83071,41700,Washington/Wabash,06/14/2019,W,"11,749"
83072,41700,Washington/Wabash,06/15/2019,A,"4,816"
83073,41700,Washington/Wabash,06/16/2019,U,"4,031"
83074,41700,Washington/Wabash,06/17/2019,W,"9,693"
83075,41700,Washington/Wabash,06/18/2019,W,"11,339"
83076,41700,Washington/Wabash,06/19/2019,W,"10,188"
83077,41700,Washington/Wabash,06/20/2019,W,"11,811"
83078,41700,Washington/Wabash,06/21/2019,W,"10,980"
83079,41700,Washington/Wabash,06/22/2019,A,"5,591"
83080,41700,Washington/Wabash,06/23/2019,U,"3,110"
83081,41700,Washington/Wabash,06/24/2019,W,"10,662"
83082,41700,Washington/Wabash,06/25/2019,W,"11,777"
83083,41700,Washington/Wabash,06/26/2019,W,"11,630"
83084,41700,Washington/Wabash,06/27/2019,W,"11,558"
83085,41700,Washington/Wabash,06/28/2019,W,"11,002"
83086,41700,Washington/Wabash,06/29/2019,A,"5,992"
83087,41700,Washington/Wabash,06/30/2019,U,"5,632"
87378,41700,Washington/Wabash,07/01/2019,W,"11,219"
87379,41700,Washington/Wabash,07/02/2019,W,"10,983"
87380,41700,Washington/Wabash,07/03/2019,W,"10,936"
87381,41700,Washington/Wabash,07/04/2019,U,"6,229"
87382,41700,Washington/Wabash,07/05/2019,W,"8,624"
87383,41700,Washington/Wabash,07/06/2019,A,"5,829"
87384,41700,Washington/Wabash,07/07/2019,U,"4,068"
87385,41700,Washington/Wabash,07/08/2019,W,"10,912"
87386,41700,Washington/Wabash,07/09/2019,W,"12,497"
87387,41700,Washington/Wabash,07/10/2019,W,"11,943"
87388,41700,Washington/Wabash,07/11/2019,W,"12,383"
87389,41700,Washington/Wabash,07/12/2019,W,"12,183"
87390,41700,Washington/Wabash,07/13/2019,A,"6,449"
87391,41700,Washington/Wabash,07/14/2019,U,"4,621"
87392,41700,Washington/Wabash,07/15/2019,W,"10,969"
87393,41700,Washington/Wabash,07/16/2019,W,"11,233"
87394,41700,Washington/Wabash,07/17/2019,W,"11,620"
87395,41700,Washington/Wabash,07/18/2019,W,"11,199"
87396,41700,Washington/Wabash,07/19/2019,W,"11,055"
87397,41700,Washington/Wabash,07/20/2019,A,"5,271"
87398,41700,Washington/Wabash,07/21/2019,U,"4,440"
87399,41700,Washington/Wabash,07/22/2019,W,"11,287"
87400,41700,Washington/Wabash,07/23/2019,W,"11,716"
87401,41700,Washington/Wabash,07/24/2019,W,"11,907"
87402,41700,Washington/Wabash,07/25/2019,W,"12,363"
87403,41700,Washington/Wabash,07/26/2019,W,"11,374"
87404,41700,Washington/Wabash,07/27/2019,A,"5,203"
87405,41700,Washington/Wabash,07/28/2019,U,"3,482"
87406,41700,Washington/Wabash,07/29/2019,W,"10,345"
87407,41700,Washington/Wabash,07/30/2019,W,"11,500"
87408,41700,Washington/Wabash,07/31/2019,W,"12,065"
91849,41700,Washington/Wabash,08/01/2019,W,"13,090"
91850,41700,Washington/Wabash,08/02/2019,W,"12,989"
91851,41700,Washington/Wabash,08/03/2019,A,"7,343"
91852,41700,Washington/Wabash,08/04/2019,U,"6,239"
91853,41700,Washington/Wabash,08/05/2019,W,"11,394"
91854,41700,Washington/Wabash,08/06/2019,W,"11,355"
91855,41700,Washington/Wabash,08/07/2019,W,"12,264"
91856,41700,Washington/Wabash,08/08/2019,W,"11,638"
91857,41700,Washington/Wabash,08/09/2019,W,"11,495"
91858,41700,Washington/Wabash,08/10/2019,A,"5,676"
91859,41700,Washington/Wabash,08/11/2019,U,"3,925"
91860,41700,Washington/Wabash,08/12/2019,W,"10,048"
91861,41700,Washington/Wabash,08/13/2019,W,"10,844"
91862,41700,Washington/Wabash,08/14/2019,W,"10,747"
91863,41700,Washington/Wabash,08/15/2019,W,"11,751"
91864,41700,Washington/Wabash,08/16/2019,W,"10,542"
91865,41700,Washington/Wabash,08/17/2019,A,"5,362"
91866,41700,Washington/Wabash,08/18/2019,U,"3,770"
91867,41700,Washington/Wabash,08/19/2019,W,"10,414"
91868,41700,Washington/Wabash,08/20/2019,W,"9,776"
91869,41700,Washington/Wabash,08/21/2019,W,"10,637"
91870,41700,Washington/Wabash,08/22/2019,W,"11,141"
91871,41700,Washington/Wabash,08/23/2019,W,"10,380"
91872,41700,Washington/Wabash,08/24/2019,A,"4,693"
91873,41700,Washington/Wabash,08/25/2019,U,"3,309"
91874,41700,Washington/Wabash,08/26/2019,W,"9,884"
91875,41700,Washington/Wabash,08/27/2019,W,"12,942"
91876,41700,Washington/Wabash,08/28/2019,W,"10,493"
91877,41700,Washington/Wabash,08/29/2019,W,"11,431"
91878,41700,Washington/Wabash,08/30/2019,W,"11,467"
91879,41700,Washington/Wabash,08/31/2019,A,"6,998"
96140,41700,Washington/Wabash,09/01/2019,U,"5,500"
96141,41700,Washington/Wabash,09/02/2019,U,"4,541"
96142,41700,Washington/Wabash,09/03/2019,W,"10,053"
96143,41700,Washington/Wabash,09/04/2019,W,"11,006"
96144,41700,Washington/Wabash,09/05/2019,W,"11,500"
96145,41700,Washington/Wabash,09/06/2019,W,"11,181"
96146,41700,Washington/Wabash,09/07/2019,A,"5,239"
96147,41700,Washington/Wabash,09/08/2019,U,"3,241"
96148,41700,Washington/Wabash,09/09/2019,W,"10,725"
96149,41700,Washington/Wabash,09/10/2019,W,"11,041"
96150,41700,Washington/Wabash,09/11/2019,W,"10,946"
96151,41700,Washington/Wabash,09/12/2019,W,"12,200"
96152,41700,Washington/Wabash,09/13/2019,W,"11,221"
96153,41700,Washington/Wabash,09/14/2019,A,"6,151"
96154,41700,Washington/Wabash,09/15/2019,U,"3,989"
96155,41700,Washington/Wabash,09/16/2019,W,"10,616"
96156,41700,Washington/Wabash,09/17/2019,W,"11,374"
96157,41700,Washington/Wabash,09/18/2019,W,"11,047"
96158,41700,Washington/Wabash,09/19/2019,W,"11,479"
96159,41700,Washington/Wabash,09/20/2019,W,"11,310"
96160,41700,Washington/Wabash,09/21/2019,A,"4,651"
96161,41700,Washington/Wabash,09/22/2019,U,"2,635"
96162,41700,Washington/Wabash,09/23/2019,W,"11,050"
96163,41700,Washington/Wabash,09/24/2019,W,"11,056"
96164,41700,Washington/Wabash,09/25/2019,W,"11,202"
96165,41700,Washington/Wabash,09/26/2019,W,"11,385"
96166,41700,Washington/Wabash,09/27/2019,W,"9,979"
96167,41700,Washington/Wabash,09/28/2019,A,"4,439"
96168,41700,Washington/Wabash,09/29/2019,U,"2,996"
96169,41700,Washington/Wabash,09/30/2019,W,"10,673"
100572,41700,Washington/Wabash,10/01/2019,W,"11,681"
100573,41700,Washington/Wabash,10/02/2019,W,"10,617"
100574,41700,Washington/Wabash,10/03/2019,W,"11,116"
100575,41700,Washington/Wabash,10/04/2019,W,"10,741"
100576,41700,Washington/Wabash,10/05/2019,A,"4,335"
100577,41700,Washington/Wabash,10/06/2019,U,"3,118"
100578,41700,Washington/Wabash,10/07/2019,W,"10,954"
100579,41700,Washington/Wabash,10/08/2019,W,"11,089"
100580,41700,Washington/Wabash,10/09/2019,W,"10,995"
100581,41700,Washington/Wabash,10/10/2019,W,"11,468"
100582,41700,Washington/Wabash,10/11/2019,W,"11,138"
100583,41700,Washington/Wabash,10/12/2019,A,"6,393"
100584,41700,Washington/Wabash,10/13/2019,U,"6,302"
100585,41700,Washington/Wabash,10/14/2019,W,"10,486"
100586,41700,Washington/Wabash,10/15/2019,W,"11,135"
100587,41700,Washington/Wabash,10/16/2019,W,"11,071"
100588,41700,Washington/Wabash,10/17/2019,W,"11,623"
100589,41700,Washington/Wabash,10/18/2019,W,"11,253"
100590,41700,Washington/Wabash,10/19/2019,A,"6,780"
100591,41700,Washington/Wabash,10/20/2019,U,"4,064"
100592,41700,Washington/Wabash,10/21/2019,W,"10,522"
100593,41700,Washington/Wabash,10/22/2019,W,"10,406"
100594,41700,Washington/Wabash,10/23/2019,W,"11,331"
100595,41700,Washington/Wabash,10/24/2019,W,"11,188"
100596,41700,Washington/Wabash,10/25/2019,W,"10,666"
100597,41700,Washington/Wabash,10/26/2019,A,"3,946"
100598,41700,Washington/Wabash,10/27/2019,U,"3,720"
100599,41700,Washington/Wabash,10/28/2019,W,"10,740"
100600,41700,Washington/Wabash,10/29/2019,W,"10,268"
100601,41700,Washington/Wabash,10/30/2019,W,"10,341"
100602,41700,Washington/Wabash,10/31/2019,W,"12,340"
104896,41700,Washington/Wabash,11/01/2019,W,"9,799"
104897,41700,Washington/Wabash,11/02/2019,A,"4,738"
104898,41700,Washington/Wabash,11/03/2019,U,"4,504"
104899,41700,Washington/Wabash,11/04/2019,W,"10,774"
104900,41700,Washington/Wabash,11/05/2019,W,"10,733"
104901,41700,Washington/Wabash,11/06/2019,W,"10,637"
104902,41700,Washington/Wabash,11/07/2019,W,"10,650"
104903,41700,Washington/Wabash,11/08/2019,W,"10,024"
104904,41700,Washington/Wabash,11/09/2019,A,"4,753"
104905,41700,Washington/Wabash,11/10/2019,U,"3,138"
104906,41700,Washington/Wabash,11/11/2019,W,"7,652"
104907,41700,Washington/Wabash,11/12/2019,W,"9,975"
104908,41700,Washington/Wabash,11/13/2019,W,"10,371"
104909,41700,Washington/Wabash,11/14/2019,W,"10,580"
104910,41700,Washington/Wabash,11/15/2019,W,"10,764"
104911,41700,Washington/Wabash,11/16/2019,A,"5,346"
104912,41700,Washington/Wabash,11/17/2019,U,"3,320"
104913,41700,Washington/Wabash,11/18/2019,W,"10,606"
104914,41700,Washington/Wabash,11/19/2019,W,"10,688"
104915,41700,Washington/Wabash,11/20/2019,W,"10,861"
104916,41700,Washington/Wabash,11/21/2019,W,"10,857"
104917,41700,Washington/Wabash,11/22/2019,W,"18,251"
104918,41700,Washington/Wabash,11/23/2019,A,"7,576"
104919,41700,Washington/Wabash,11/24/2019,U,"4,298"
104920,41700,Washington/Wabash,11/25/2019,W,"11,279"
104921,41700,Washington/Wabash,11/26/2019,W,"10,112"
104922,41700,Washington/Wabash,11/27/2019,W,"8,810"
104923,41700,Washington/Wabash,11/28/2019,U,"2,562"
104924,41700,Washington/Wabash,11/29/2019,W,"7,391"
104925,41700,Washington/Wabash,11/30/2019,A,"4,301"
109361,41700,Washington/Wabash,12/01/2019,U,"3,181"
109362,41700,Washington/Wabash,12/02/2019,W,"10,486"
109363,41700,Washington/Wabash,12/03/2019,W,"10,835"
109364,41700,Washington/Wabash,12/04/2019,W,"11,049"
109365,41700,Washington/Wabash,12/05/2019,W,"11,273"
109366,41700,Washington/Wabash,12/06/2019,W,"10,844"
109367,41700,Washington/Wabash,12/07/2019,A,"6,371"
109368,41700,Washington/Wabash,12/08/2019,U,"4,002"
109369,41700,Washington/Wabash,12/09/2019,W,"10,395"
109370,41700,Washington/Wabash,12/10/2019,W,"10,481"
109371,41700,Washington/Wabash,12/11/2019,W,"10,605"
109372,41700,Washington/Wabash,12/12/2019,W,"10,702"
109373,41700,Washington/Wabash,12/13/2019,W,"11,139"
109374,41700,Washington/Wabash,12/14/2019,A,"4,852"
109375,41700,Washington/Wabash,12/15/2019,U,"2,929"
109376,41700,Washington/Wabash,12/16/2019,W,"10,634"
109377,41700,Washington/Wabash,12/17/2019,W,"10,809"
109378,41700,Washington/Wabash,12/18/2019,W,"10,327"
109379,41700,Washington/Wabash,12/19/2019,W,"10,366"
109380,41700,Washington/Wabash,12/20/2019,W,"10,729"
109381,41700,Washington/Wabash,12/21/2019,A,"5,801"
109382,41700,Washington/Wabash,12/22/2019,U,"4,821"
109383,41700,Washington/Wabash,12/23/2019,W,"10,337"
109384,41700,Washington/Wabash,12/24/2019,W,"5,716"
109385,41700,Washington/Wabash,12/25/2019,U,"2,530"
109386,41700,Washington/Wabash,12/26/2019,W,"8,264"
109387,41700,Washington/Wabash,12/27/2019,W,"7,871"
109388,41700,Washington/Wabash,12/28/2019,A,"4,474"
109389,41700,Washington/Wabash,12/29/2019,U,"3,750"
109390,41700,Washington/Wabash,12/30/2019,W,"7,885"
109391,41700,Washington/Wabash,12/31/2019,W,"6,064"
113843,41700,Washington/Wabash,01/01/2020,U,"2,972"
113844,41700,Washington/Wabash,01/02/2020,W,"8,550"
113845,41700,Washington/Wabash,01/03/2020,W,"8,830"
113846,41700,Washington/Wabash,01/04/2020,A,"4,105"
113847,41700,Washington/Wabash,01/05/2020,U,"2,883"
113848,41700,Washington/Wabash,01/06/2020,W,"9,388"
113849,41700,Washington/Wabash,01/07/2020,W,"10,364"
113850,41700,Washington/Wabash,01/08/2020,W,"9,600"
113851,41700,Washington/Wabash,01/09/2020,W,"10,144"
113852,41700,Washington/Wabash,01/10/2020,W,"9,709"
113853,41700,Washington/Wabash,01/11/2020,A,"3,159"
113854,41700,Washington/Wabash,01/12/2020,U,"2,494"
113855,41700,Washington/Wabash,01/13/2020,W,"9,847"
113856,41700,Washington/Wabash,01/14/2020,W,"10,113"
113857,41700,Washington/Wabash,01/15/2020,W,"10,142"
113858,41700,Washington/Wabash,01/16/2020,W,"10,029"
113859,41700,Washington/Wabash,01/17/2020,W,"9,435"
113860,41700,Washington/Wabash,01/18/2020,A,"3,620"
113861,41700,Washington/Wabash,01/19/2020,U,"2,302"
113862,41700,Washington/Wabash,01/20/2020,W,"5,926"
113863,41700,Washington/Wabash,01/21/2020,W,"9,622"
113864,41700,Washington/Wabash,01/22/2020,W,"9,842"
113865,41700,Washington/Wabash,01/23/2020,W,"10,016"
113866,41700,Washington/Wabash,01/24/2020,W,"9,116"
113867,41700,Washington/Wabash,01/25/2020,A,"3,949"
113868,41700,Washington/Wabash,01/26/2020,U,"2,972"
113869,41700,Washington/Wabash,01/27/2020,W,"9,846"
113870,41700,Washington/Wabash,01/28/2020,W,"9,984"
113871,41700,Washington/Wabash,01/29/2020,W,"9,866"
113872,41700,Washington/Wabash,01/30/2020,W,"10,118"
113873,41700,Washington/Wabash,01/31/2020,W,"9,534"
118034,41700,Washington/Wabash,02/01/2020,A,"3,806"
118035,41700,Washington/Wabash,02/02/2020,U,"2,873"
118036,41700,Washington/Wabash,02/03/2020,W,"9,857"
118037,41700,Washington/Wabash,02/04/2020,W,"9,768"
118038,41700,Washington/Wabash,02/05/2020,W,"9,903"
118039,41700,Washington/Wabash,02/06/2020,W,"9,644"
118040,41700,Washington/Wabash,02/07/2020,W,"9,669"
118041,41700,Washington/Wabash,02/08/2020,A,"3,603"
118042,41700,Washington/Wabash,02/09/2020,U,"2,212"
118043,41700,Washington/Wabash,02/10/2020,W,"9,844"
118044,41700,Washington/Wabash,02/11/2020,W,"10,003"
118045,41700,Washington/Wabash,02/12/2020,W,"9,825"
118046,41700,Washington/Wabash,02/13/2020,W,"9,469"
118047,41700,Washington/Wabash,02/14/2020,W,"8,850"
118048,41700,Washington/Wabash,02/15/2020,A,"4,222"
118049,41700,Washington/Wabash,02/16/2020,U,"3,230"
118050,41700,Washington/Wabash,02/17/2020,W,"6,825"
118051,41700,Washington/Wabash,02/18/2020,W,"9,948"
118052,41700,Washington/Wabash,02/19/2020,W,"9,917"
118053,41700,Washington/Wabash,02/20/2020,W,"10,052"
118054,41700,Washington/Wabash,02/21/2020,W,"9,342"
118055,41700,Washington/Wabash,02/22/2020,A,"4,612"
118056,41700,Washington/Wabash,02/23/2020,U,"3,665"
118057,41700,Washington/Wabash,02/24/2020,W,"9,776"
118058,41700,Washington/Wabash,02/25/2020,W,"9,638"
118059,41700,Washington/Wabash,02/26/2020,W,"9,662"
118060,41700,Washington/Wabash,02/27/2020,W,"9,552"
118061,41700,Washington/Wabash,02/28/2020,W,"9,599"
118062,41700,Washington/Wabash,02/29/2020,A,141
122270,41700,Washington/Wabash,03/01/2020,U,"3,203"
122271,41700,Washington/Wabash,03/02/2020,W,"9,748"
122272,41700,Washington/Wabash,03/03/2020,W,"10,048"
122273,41700,Washington/Wabash,03/04/2020,W,"10,296"
122274,41700,Washington/Wabash,03/05/2020,W,"10,300"
122275,41700,Washington/Wabash,03/06/2020,W,"9,591"
122276,41700,Washington/Wabash,03/07/2020,A,"5,601"
122277,41700,Washington/Wabash,03/08/2020,U,"3,721"
122278,41700,Washington/Wabash,03/09/2020,W,"9,243"
122279,41700,Washington/Wabash,03/10/2020,W,"9,687"
122280,41700,Washington/Wabash,03/11/2020,W,"9,340"
122281,41700,Washington/Wabash,03/12/2020,W,"8,748"
122282,41700,Washington/Wabash,03/13/2020,W,"7,603"
122283,41700,Washington/Wabash,03/14/2020,A,"2,701"
122284,41700,Washington/Wabash,03/15/2020,U,"1,823"
122285,41700,Washington/Wabash,03/16/2020,W,"4,210"
122286,41700,Washington/Wabash,03/17/2020,W,"2,996"
122287,41700,Washington/Wabash,03/18/2020,W,"2,282"
122288,41700,Washington/Wabash,03/19/2020,W,"2,032"
122289,41700,Washington/Wabash,03/20/2020,W,"1,765"
122290,41700,Washington/Wabash,03/21/2020,A,708
122291,41700,Washington/Wabash,03/22/2020,U,466
122292,41700,Washington/Wabash,03/23/2020,W,"1,111"
122293,41700,Washington/Wabash,03/24/2020,W,"1,052"
122294,41700,Washington/Wabash,03/25/2020,W,"1,113"
122295,41700,Washington/Wabash,03/26/2020,W,"1,029"
122296,41700,Washington/Wabash,03/27/2020,W,"1,052"
122297,41700,Washington/Wabash,03/28/2020,A,535
122298,41700,Washington/Wabash,03/29/2020,U,468
122299,41700,Washington/Wabash,03/30/2020,W,"1,023"
122300,41700,Washington/Wabash,03/31/2020,W,"1,038"
126600,41700,Washington/Wabash,04/01/2020,W,"1,021"
126601,41700,Washington/Wabash,04/02/2020,W,976
126602,41700,Washington/Wabash,04/03/2020,W,"1,049"
126603,41700,Washington/Wabash,04/04/2020,A,538
126604,41700,Washington/Wabash,04/05/2020,U,406
126605,41700,Washington/Wabash,04/06/2020,W,984
126606,41700,Washington/Wabash,04/07/2020,W,917
126607,41700,Washington/Wabash,04/08/2020,W,846
126608,41700,Washington/Wabash,04/09/2020,W,795
126609,41700,Washington/Wabash,04/10/2020,W,820
126610,41700,Washington/Wabash,04/11/2020,A,431
126611,41700,Washington/Wabash,04/12/2020,U,348
126612,41700,Washington/Wabash,04/13/2020,W,845
126613,41700,Washington/Wabash,04/14/2020,W,774
126614,41700,Washington/Wabash,04/15/2020,W,799
126615,41700,Washington/Wabash,04/16/2020,W,805
126616,41700,Washington/Wabash,04/17/2020,W,786
126617,41700,Washington/Wabash,04/18/2020,A,446
126618,41700,Washington/Wabash,04/19/2020,U,368
126619,41700,Washington/Wabash,04/20/2020,W,854
126620,41700,Washington/Wabash,04/21/2020,W,864
126621,41700,Washington/Wabash,04/22/2020,W,791
126622,41700,Washington/Wabash,04/23/2020,W,792
126623,41700,Washington/Wabash,04/24/2020,W,903
126624,41700,Washington/Wabash,04/25/2020,A,436
126625,41700,Washington/Wabash,04/26/2020,U,419
126626,41700,Washington/Wabash,04/27/2020,W,883
126627,41700,Washington/Wabash,04/28/2020,W,880
126628,41700,Washington/Wabash,04/29/2020,W,768
126629,41700,Washington/Wabash,04/30/2020,W,880
131069,41700,Washington/Wabash,05/01/2020,W,943
131070,41700,Washington/Wabash,05/02/2020,A,700
131071,41700,Washington/Wabash,05/03/2020,U,555
131072,41700,Washington/Wabash,05/04/2020,W,932
131073,41700,Washington/Wabash,05/05/2020,W,849
131074,41700,Washington/Wabash,05/06/2020,W,911
131075,41700,Washington/Wabash,05/07/2020,W,946
131076,41700,Washington/Wabash,05/08/2020,W,911
131077,41700,Washington/Wabash,05/09/2020,A,668
131078,41700,Washington/Wabash,05/10/2020,U,449
131079,41700,Washington/Wabash,05/11/2020,W,920
131080,41700,Washington/Wabash,05/12/2020,W,864
131081,41700,Washington/Wabash,05/13/2020,W,919
131082,41700,Washington/Wabash,05/14/2020,W,846
131083,41700,Washington/Wabash,05/15/2020,W,922
131084,41700,Washington/Wabash,05/16/2020,A,703
131085,41700,Washington/Wabash,05/17/2020,U,499
131086,41700,Washington/Wabash,05/18/2020,W,"1,028"
131087,41700,Washington/Wabash,05/19/2020,W,925
131088,41700,Washington/Wabash,05/20/2020,W,"1,010"
131089,41700,Washington/Wabash,05/21/2020,W,"1,022"
131090,41700,Washington/Wabash,05/22/2020,W,"1,056"
131091,41700,Washington/Wabash,05/23/2020,A,569
131092,41700,Washington/Wabash,05/24/2020,U,540
131093,41700,Washington/Wabash,05/25/2020,U,468
131094,41700,Washington/Wabash,05/26/2020,W,"1,055"
131095,41700,Washington/Wabash,05/27/2020,W,"1,073"
131096,41700,Washington/Wabash,05/28/2020,W,"1,126"
131097,41700,Washington/Wabash,05/29/2020,W,"1,121"
131098,41700,Washington/Wabash,05/30/2020,A,455
131099,41700,Washington/Wabash,05/31/2020,U,3
135405,41700,Washington/Wabash,06/01/2020,W,0
135406,41700,Washington/Wabash,06/02/2020,W,0
135407,41700,Washington/Wabash,06/03/2020,W,"1,089"
135408,41700,Washington/Wabash,06/04/2020,W,"1,236"
135409,41700,Washington/Wabash,06/05/2020,W,"1,424"
135410,41700,Washington/Wabash,06/06/2020,A,932
135411,41700,Washington/Wabash,06/07/2020,U,514
135412,41700,Washington/Wabash,06/08/2020,W,"1,479"
135413,41700,Washington/Wabash,06/09/2020,W,"1,362"
135414,41700,Washington/Wabash,06/10/2020,W,"1,464"
135415,41700,Washington/Wabash,06/11/2020,W,"1,620"
135416,41700,Washington/Wabash,06/12/2020,W,"1,659"
135417,41700,Washington/Wabash,06/13/2020,A,"1,026"
135418,41700,Washington/Wabash,06/14/2020,U,767
135419,41700,Washington/Wabash,06/15/2020,W,"1,787"
135420,41700,Washington/Wabash,06/16/2020,W,"1,836"
135421,41700,Washington/Wabash,06/17/2020,W,"1,930"
135422,41700,Washington/Wabash,06/18/2020,W,"1,953"
135423,41700,Washington/Wabash,06/19/2020,W,"1,928"
135424,41700,Washington/Wabash,06/20/2020,A,"1,176"
135425,41700,Washington/Wabash,06/21/2020,U,892
135426,41700,Washington/Wabash,06/22/2020,W,"1,807"
135427,41700,Washington/Wabash,06/23/2020,W,"2,108"
135428,41700,Washington/Wabash,06/24/2020,W,"2,076"
135429,41700,Washington/Wabash,06/25/2020,W,"2,286"
135430,41700,Washington/Wabash,06/26/2020,W,"2,095"
135431,41700,Washington/Wabash,06/27/2020,A,"1,526"
135432,41700,Washington/Wabash,06/28/2020,U,"1,189"
135433,41700,Washington/Wabash,06/29/2020,W,"2,152"
135434,41700,Washington/Wabash,06/30/2020,W,"2,300"
139716,41700,Washington/Wabash,07/01/2020,W,"2,350"
139717,41700,Washington/Wabash,07/02/2020,W,"2,402"
139718,41700,Washington/Wabash,07/03/2020,U,"1,875"
139719,41700,Washington/Wabash,07/04/2020,A,"1,406"
139720,41700,Washington/Wabash,07/05/2020,U,"1,265"
139721,41700,Washington/Wabash,07/06/2020,W,"2,332"
139722,41700,Washington/Wabash,07/07/2020,W,"2,431"
139723,41700,Washington/Wabash,07/08/2020,W,"2,424"
139724,41700,Washington/Wabash,07/09/2020,W,"2,420"
139725,41700,Washington/Wabash,07/10/2020,W,"2,495"
139726,41700,Washington/Wabash,07/11/2020,A,"1,548"
139727,41700,Washington/Wabash,07/12/2020,U,"1,305"
139728,41700,Washington/Wabash,07/13/2020,W,"2,585"
139729,41700,Washington/Wabash,07/14/2020,W,"2,612"
139730,41700,Washington/Wabash,07/15/2020,W,"2,457"
139731,41700,Washington/Wabash,07/16/2020,W,"2,588"
139732,41700,Washington/Wabash,07/17/2020,W,"2,674"
139733,41700,Washington/Wabash,07/18/2020,A,"1,602"
139734,41700,Washington/Wabash,07/19/2020,U,"1,009"
139735,41700,Washington/Wabash,07/20/2020,W,"2,573"
139736,41700,Washington/Wabash,07/21/2020,W,"2,433"
139737,41700,Washington/Wabash,07/22/2020,W,"2,517"
139738,41700,Washington/Wabash,07/23/2020,W,"2,632"
139739,41700,Washington/Wabash,07/24/2020,W,"2,631"
139740,41700,Washington/Wabash,07/25/2020,A,"1,600"
139741,41700,Washington/Wabash,07/26/2020,U,"1,135"
139742,41700,Washington/Wabash,07/27/2020,W,"2,346"
139743,41700,Washington/Wabash,07/28/2020,W,"2,516"
139744,41700,Washington/Wabash,07/29/2020,W,"2,444"
139745,41700,Washington/Wabash,07/30/2020,W,"2,608"
139746,41700,Washington/Wabash,07/31/2020,W,"2,656"
144149,41700,Washington/Wabash,08/01/2020,A,"1,621"
144150,41700,Washington/Wabash,08/02/2020,U,"1,098"
144151,41700,Washington/Wabash,08/03/2020,W,"2,532"
144152,41700,Washington/Wabash,08/04/2020,W,"2,671"
144153,41700,Washington/Wabash,08/05/2020,W,"2,628"
144154,41700,Washington/Wabash,08/06/2020,W,"2,646"
144155,41700,Washington/Wabash,08/07/2020,W,"2,779"
144156,41700,Washington/Wabash,08/08/2020,A,"1,727"
144157,41700,Washington/Wabash,08/09/2020,U,"1,382"
144158,41700,Washington/Wabash,08/10/2020,W,862
144159,41700,Washington/Wabash,08/11/2020,W,"1,995"
144160,41700,Washington/Wabash,08/12/2020,W,"2,224"
144161,41700,Washington/Wabash,08/13/2020,W,"2,264"
144162,41700,Washington/Wabash,08/14/2020,W,"2,272"
144163,41700,Washington/Wabash,08/15/2020,A,"1,186"
144164,41700,Washington/Wabash,08/16/2020,U,"1,141"
144165,41700,Washington/Wabash,08/17/2020,W,"2,390"
144166,41700,Washington/Wabash,08/18/2020,W,"2,563"
144167,41700,Washington/Wabash,08/19/2020,W,"2,427"
144168,41700,Washington/Wabash,08/20/2020,W,"2,498"
144169,41700,Washington/Wabash,08/21/2020,W,"2,733"
144170,41700,Washington/Wabash,08/22/2020,A,"1,726"
144171,41700,Washington/Wabash,08/23/2020,U,"1,212"
144172,41700,Washington/Wabash,08/24/2020,W,"2,441"
144173,41700,Washington/Wabash,08/25/2020,W,"2,494"
144174,41700,Washington/Wabash,08/26/2020,W,"2,564"
144175,41700,Washington/Wabash,08/27/2020,W,"2,463"
144176,41700,Washington/Wabash,08/28/2020,W,"2,583"
144177,41700,Washington/Wabash,08/29/2020,A,"1,560"
144178,41700,Washington/Wabash,08/30/2020,U,"1,320"
144179,41700,Washington/Wabash,08/31/2020,W,"2,589"
148440,41700,Washington/Wabash,09/01/2020,W,"2,442"
148441,41700,Washington/Wabash,09/02/2020,W,"2,858"
148442,41700,Washington/Wabash,09/03/2020,W,"2,854"
148443,41700,Washington/Wabash,09/04/2020,W,"3,033"
148444,41700,Washington/Wabash,09/05/2020,A,"1,950"
148445,41700,Washington/Wabash,09/06/2020,U,"1,431"
148446,41700,Washington/Wabash,09/07/2020,U,"1,527"
148447,41700,Washington/Wabash,09/08/2020,W,"2,400"
148448,41700,Washington/Wabash,09/09/2020,W,"2,562"
148449,41700,Washington/Wabash,09/10/2020,W,"2,681"
148450,41700,Washington/Wabash,09/11/2020,W,"2,609"
148451,41700,Washington/Wabash,09/12/2020,A,"1,606"
148452,41700,Washington/Wabash,09/13/2020,U,"1,503"
148453,41700,Washington/Wabash,09/14/2020,W,"2,590"
148454,41700,Washington/Wabash,09/15/2020,W,"2,661"
148455,41700,Washington/Wabash,09/16/2020,W,"2,836"
148456,41700,Washington/Wabash,09/17/2020,W,"2,835"
148457,41700,Washington/Wabash,09/18/2020,W,"2,875"
148458,41700,Washington/Wabash,09/19/2020,A,"1,989"
148459,41700,Washington/Wabash,09/20/2020,U,"1,309"
148460,41700,Washington/Wabash,09/21/2020,W,"2,543"
148461,41700,Washington/Wabash,09/22/2020,W,"2,670"
148462,41700,Washington/Wabash,09/23/2020,W,"2,745"
148463,41700,Washington/Wabash,09/24/2020,W,"2,750"
148464,41700,Washington/Wabash,09/25/2020,W,"3,044"
148465,41700,Washington/Wabash,09/26/2020,A,"2,094"
148466,41700,Washington/Wabash,09/27/2020,U,"1,423"
148467,41700,Washington/Wabash,09/28/2020,W,"2,517"
148468,41700,Washington/Wabash,09/29/2020,W,"2,710"
148469,41700,Washington/Wabash,09/30/2020,W,"2,641"
162331,41700,Washington/Wabash,09/16/2017,A,"6,457"
165430,41700,Washington/Wabash,11/01/2017,W,"9,695"
165653,41700,Washington/Wabash,11/21/2017,W,"10,284"
174463,41700,Washington/Wabash,08/23/2017,W,0
213249,41700,Washington/Wabash,10/16/2017,W,"10,199"
214769,41700,Washington/Wabash,08/28/2017,W,7
232470,41700,Washington/Wabash,11/13/2017,W,"9,877"
234558,41700,Washington/Wabash,10/14/2017,A,"4,506"
235762,41700,Washington/Wabash,10/28/2017,A,51
240874,41700,Washington/Wabash,10/18/2017,W,"10,035"
241872,41700,Washington/Wabash,11/20/2017,W,"10,449"
267377,41700,Washington/Wabash,08/30/2017,W,96
275413,41700,Washington/Wabash,08/03/2017,W,0
278530,41700,Washington/Wabash,09/10/2017,U,"3,842"
279457,41700,Washington/Wabash,08/06/2017,U,0
287681,41700,Washington/Wabash,11/17/2017,W,"11,510"
291341,41700,Washington/Wabash,10/08/2017,U,"6,389"
293732,41700,Washington/Wabash,11/08/2017,W,"10,110"
303474,41700,Washington/Wabash,08/19/2017,A,0
323371,41700,Washington/Wabash,09/03/2017,U,"6,857"
324400,41700,Washington/Wabash,11/14/2017,W,"10,080"
328817,41700,Washington/Wabash,08/04/2017,W,0
329894,41700,Washington/Wabash,08/10/2017,W,0
333835,41700,Washington/Wabash,09/22/2017,W,"10,102"
337302,41700,Washington/Wabash,08/25/2017,W,0
340963,41700,Washington/Wabash,11/23/2017,U,"2,965"
342094,41700,Washington/Wabash,11/03/2017,W,"10,240"
362696,41700,Washington/Wabash,11/19/2017,U,"4,607"
375540,41700,Washington/Wabash,08/02/2017,W,0
380017,41700,Washington/Wabash,09/01/2017,W,"6,932"
407187,41700,Washington/Wabash,10/29/2017,U,57
407242,41700,Washington/Wabash,10/11/2017,W,"9,937"
416315,41700,Washington/Wabash,11/28/2017,W,"10,505"
426577,41700,Washington/Wabash,08/31/2017,W,"6,244"
428337,41700,Washington/Wabash,10/07/2017,A,"5,983"
435405,41700,Washington/Wabash,11/30/2017,W,"10,653"
439489,41700,Washington/Wabash,08/16/2017,W,0
446090,41700,Washington/Wabash,10/06/2017,W,"10,640"
449279,41700,Washington/Wabash,11/12/2017,U,"4,508"
449358,41700,Washington/Wabash,09/27/2017,W,"10,072"
450069,41700,Washington/Wabash,09/18/2017,W,"10,030"
450334,41700,Washington/Wabash,09/05/2017,W,"10,233"
462650,41700,Washington/Wabash,10/23/2017,W,"9,524"
463284,41700,Washington/Wabash,11/29/2017,W,"10,437"
466674,41700,Washington/Wabash,09/19/2017,W,"10,120"
468934,41700,Washington/Wabash,08/05/2017,A,0
476701,41700,Washington/Wabash,11/18/2017,A,"6,670"
477025,41700,Washington/Wabash,11/22/2017,W,"9,451"
478081,41700,Washington/Wabash,09/06/2017,W,"10,068"
479070,41700,Washington/Wabash,08/24/2017,W,0
479488,41700,Washington/Wabash,11/05/2017,U,"3,176"
508573,41700,Washington/Wabash,11/25/2017,A,"6,651"
515479,41700,Washington/Wabash,09/09/2017,A,"5,733"
517952,41700,Washington/Wabash,08/27/2017,U,0
523854,41700,Washington/Wabash,10/27/2017,W,"9,810"
525420,41700,Washington/Wabash,10/21/2017,A,"6,814"
527603,41700,Washington/Wabash,08/26/2017,A,0
536553,41700,Washington/Wabash,08/13/2017,U,0
537054,41700,Washington/Wabash,10/26/2017,W,"10,487"
537245,41700,Washington/Wabash,10/22/2017,U,"3,297"
544384,41700,Washington/Wabash,09/23/2017,A,"5,840"
559545,41700,Washington/Wabash,09/15/2017,W,"10,983"
573640,41700,Washington/Wabash,11/11/2017,A,"7,546"
576268,41700,Washington/Wabash,11/06/2017,W,"9,879"
586723,41700,Washington/Wabash,10/20/2017,W,"10,295"
587635,41700,Washington/Wabash,09/07/2017,W,"10,034"
587743,41700,Washington/Wabash,09/24/2017,U,"4,209"
595073,41700,Washington/Wabash,11/10/2017,W,"8,829"
595098,41700,Washington/Wabash,08/01/2017,W,0
600597,41700,Washington/Wabash,11/24/2017,W,"8,889"
608505,41700,Washington/Wabash,10/25/2017,W,"10,357"
611011,41700,Washington/Wabash,08/29/2017,W,45
615033,41700,Washington/Wabash,09/26/2017,W,"10,019"
620619,41700,Washington/Wabash,10/13/2017,W,"10,708"
621770,41700,Washington/Wabash,11/09/2017,W,"10,250"
632350,41700,Washington/Wabash,09/21/2017,W,"10,150"
634994,41700,Washington/Wabash,11/15/2017,W,"10,199"
638280,41700,Washington/Wabash,11/04/2017,A,"4,538"
639082,41700,Washington/Wabash,08/14/2017,W,0
649659,41700,Washington/Wabash,10/24/2017,W,"9,793"
649785,41700,Washington/Wabash,09/28/2017,W,"10,402"
660122,41700,Washington/Wabash,09/12/2017,W,"10,466"
666874,41700,Washington/Wabash,10/04/2017,W,"10,067"
686703,41700,Washington/Wabash,09/17/2017,U,"4,502"
699912,41700,Washington/Wabash,10/15/2017,U,"4,046"
709221,41700,Washington/Wabash,09/20/2017,W,"10,152"
727884,41700,Washington/Wabash,09/02/2017,A,"5,299"
728978,41700,Washington/Wabash,10/01/2017,U,"4,260"
732267,41700,Washington/Wabash,08/12/2017,A,0
751391,41700,Washington/Wabash,08/22/2017,W,0
754121,41700,Washington/Wabash,10/05/2017,W,"9,987"
759465,41700,Washington/Wabash,09/13/2017,W,"9,858"
762868,41700,Washington/Wabash,09/29/2017,W,"10,169"
764629,41700,Washington/Wabash,10/30/2017,W,"9,712"
766700,41700,Washington/Wabash,10/19/2017,W,"10,809"
772244,41700,Washington/Wabash,11/26/2017,U,"4,122"
777801,41700,Washington/Wabash,09/14/2017,W,"10,573"
786917,41700,Washington/Wabash,08/20/2017,U,0
787888,41700,Washington/Wabash,09/04/2017,U,"4,555"
789760,41700,Washington/Wabash,09/30/2017,A,"5,422"
803549,41700,Washington/Wabash,08/17/2017,W,0
825454,41700,Washington/Wabash,08/21/2017,W,0
827985,41700,Washington/Wabash,09/08/2017,W,"10,908"
831531,41700,Washington/Wabash,08/11/2017,W,0
851558,41700,Washington/Wabash,11/16/2017,W,"10,039"
852360,41700,Washington/Wabash,10/12/2017,W,"10,387"
861442,41700,Washington/Wabash,10/09/2017,W,"9,914"
863542,41700,Washington/Wabash,11/27/2017,W,"10,244"
870363,41700,Washington/Wabash,08/09/2017,W,0
873753,41700,Washington/Wabash,10/03/2017,W,"10,152"
917908,41700,Washington/Wabash,09/25/2017,W,"9,926"
938336,41700,Washington/Wabash,10/17/2017,W,"10,365"
940233,41700,Washington/Wabash,09/11/2017,W,"9,838"
940485,41700,Washington/Wabash,08/18/2017,W,0
946698,41700,Washington/Wabash,08/07/2017,W,0
955658,41700,Washington/Wabash,10/02/2017,W,"9,791"
969920,41700,Washington/Wabash,08/08/2017,W,0
985114,41700,Washington/Wabash,08/15/2017,W,0
986603,41700,Washington/Wabash,11/02/2017,W,"10,030"
990136,41700,Washington/Wabash,10/31/2017,W,"9,454"
993868,41700,Washington/Wabash,10/10/2017,W,"10,184"
1016357,41700,Washington/Wabash,11/07/2017,W,"9,993"
1032442,41700,Washington/Wabash,10/01/2020,W,"2,726"
1032443,41700,Washington/Wabash,10/02/2020,W,"2,744"
1032444,41700,Washington/Wabash,10/03/2020,A,"1,919"
1032445,41700,Washington/Wabash,10/04/2020,U,"1,259"
1032446,41700,Washington/Wabash,10/05/2020,W,"2,620"
1032447,41700,Washington/Wabash,10/06/2020,W,"2,672"
1032448,41700,Washington/Wabash,10/07/2020,W,"2,648"
1032449,41700,Washington/Wabash,10/08/2020,W,"2,819"
1032450,41700,Washington/Wabash,10/09/2020,W,"2,932"
1032451,41700,Washington/Wabash,10/10/2020,A,"1,727"
1032452,41700,Washington/Wabash,10/11/2020,U,"1,374"
1032453,41700,Washington/Wabash,10/12/2020,W,"2,460"
1032454,41700,Washington/Wabash,10/13/2020,W,"2,742"
1032455,41700,Washington/Wabash,10/14/2020,W,"2,866"
1032456,41700,Washington/Wabash,10/15/2020,W,"2,755"
1032457,41700,Washington/Wabash,10/16/2020,W,"2,854"
1032458,41700,Washington/Wabash,10/17/2020,A,"2,047"
1032459,41700,Washington/Wabash,10/18/2020,U,"1,213"
1032460,41700,Washington/Wabash,10/19/2020,W,"2,552"
1032461,41700,Washington/Wabash,10/20/2020,W,"2,575"
1032462,41700,Washington/Wabash,10/21/2020,W,"2,669"
1032463,41700,Washington/Wabash,10/22/2020,W,"2,666"
1032464,41700,Washington/Wabash,10/23/2020,W,"2,529"
1032465,41700,Washington/Wabash,10/24/2020,A,"1,554"
1032466,41700,Washington/Wabash,10/25/2020,U,"1,126"
1032467,41700,Washington/Wabash,10/26/2020,W,"2,429"
1032468,41700,Washington/Wabash,10/27/2020,W,"2,490"
1032469,41700,Washington/Wabash,10/28/2020,W,"2,616"
1032470,41700,Washington/Wabash,10/29/2020,W,"2,549"
1032471,41700,Washington/Wabash,10/30/2020,W,"2,750"
1032472,41700,Washington/Wabash,10/31/2020,A,"1,711"
1036733,41700,Washington/Wabash,11/01/2020,U,"1,055"
1036734,41700,Washington/Wabash,11/02/2020,W,"2,470"
1036735,41700,Washington/Wabash,11/03/2020,W,"2,206"
1036736,41700,Washington/Wabash,11/04/2020,W,"2,173"
1036737,41700,Washington/Wabash,11/05/2020,W,"2,282"
1036738,41700,Washington/Wabash,11/06/2020,W,"2,694"
1036739,41700,Washington/Wabash,11/07/2020,A,"1,888"
1036740,41700,Washington/Wabash,11/08/2020,U,"1,377"
1036741,41700,Washington/Wabash,11/09/2020,W,"2,576"
1036742,41700,Washington/Wabash,11/10/2020,W,"2,293"
1036743,41700,Washington/Wabash,11/11/2020,W,"2,261"
1036744,41700,Washington/Wabash,11/12/2020,W,"2,424"
1036745,41700,Washington/Wabash,11/13/2020,W,"2,567"
1036746,41700,Washington/Wabash,11/14/2020,A,"1,424"
1036747,41700,Washington/Wabash,11/15/2020,U,"1,013"
1036748,41700,Washington/Wabash,11/16/2020,W,"2,238"
1036749,41700,Washington/Wabash,11/17/2020,W,"2,117"
1036750,41700,Washington/Wabash,11/18/2020,W,"2,165"
1036751,41700,Washington/Wabash,11/19/2020,W,"2,427"
1036752,41700,Washington/Wabash,11/20/2020,W,"2,543"
1036753,41700,Washington/Wabash,11/21/2020,A,"1,535"
1036754,41700,Washington/Wabash,11/22/2020,U,"1,139"
1036755,41700,Washington/Wabash,11/23/2020,W,"2,311"
1036756,41700,Washington/Wabash,11/24/2020,W,"2,048"
1036757,41700,Washington/Wabash,11/25/2020,W,"2,010"
1036758,41700,Washington/Wabash,11/26/2020,U,601
1036759,41700,Washington/Wabash,11/27/2020,W,"2,093"
1036760,41700,Washington/Wabash,11/28/2020,A,"1,782"
1036761,41700,Washington/Wabash,11/29/2020,U,"1,222"
1036762,41700,Washington/Wabash,11/30/2020,W,"2,041"
1041165,41700,Washington/Wabash,12/01/2020,W,"2,196"
1041166,41700,Washington/Wabash,12/02/2020,W,"2,445"
1041167,41700,Washington/Wabash,12/03/2020,W,"2,315"
1041168,41700,Washington/Wabash,12/04/2020,W,"2,530"
1041169,41700,Washington/Wabash,12/05/2020,A,"1,829"
1041170,41700,Washington/Wabash,12/06/2020,U,"1,088"
1041171,41700,Washington/Wabash,12/07/2020,W,"2,257"
1041172,41700,Washington/Wabash,12/08/2020,W,"2,210"
1041173,41700,Washington/Wabash,12/09/2020,W,"2,402"
1041174,41700,Washington/Wabash,12/10/2020,W,"2,570"
1041175,41700,Washington/Wabash,12/11/2020,W,"2,184"
1041176,41700,Washington/Wabash,12/12/2020,A,"1,478"
1041177,41700,Washington/Wabash,12/13/2020,U,"1,269"
1041178,41700,Washington/Wabash,12/14/2020,W,"2,218"
1041179,41700,Washington/Wabash,12/15/2020,W,"2,357"
1041180,41700,Washington/Wabash,12/16/2020,W,"2,337"
1041181,41700,Washington/Wabash,12/17/2020,W,"2,375"
1041182,41700,Washington/Wabash,12/18/2020,W,"2,617"
1041183,41700,Washington/Wabash,12/19/2020,A,"1,883"
1041184,41700,Washington/Wabash,12/20/2020,U,"1,412"
1041185,41700,Washington/Wabash,12/21/2020,W,"2,693"
1041186,41700,Washington/Wabash,12/22/2020,W,"2,771"
1041187,41700,Washington/Wabash,12/23/2020,W,"2,604"
1041188,41700,Washington/Wabash,12/24/2020,W,"1,557"
1041189,41700,Washington/Wabash,12/25/2020,U,463
1041190,41700,Washington/Wabash,12/26/2020,A,"1,554"
1041191,41700,Washington/Wabash,12/27/2020,U,"1,163"
1041192,41700,Washington/Wabash,12/28/2020,W,"2,167"
1041193,41700,Washington/Wabash,12/29/2020,W,"2,155"
1041194,41700,Washington/Wabash,12/30/2020,W,"2,161"
1041195,41700,Washington/Wabash,12/31/2020,W,"1,767"
1045598,41700,Washington/Wabash,01/01/2021,U,887
1045599,41700,Washington/Wabash,01/02/2021,A,"1,418"
1045600,41700,Washington/Wabash,01/03/2021,U,"1,040"
1045601,41700,Washington/Wabash,01/04/2021,W,"2,254"
1045602,41700,Washington/Wabash,01/05/2021,W,"2,193"
1045603,41700,Washington/Wabash,01/06/2021,W,"2,189"
1045604,41700,Washington/Wabash,01/07/2021,W,"2,218"
1045605,41700,Washington/Wabash,01/08/2021,W,"2,248"
1045606,41700,Washington/Wabash,01/09/2021,A,"1,410"
1045607,41700,Washington/Wabash,01/10/2021,U,927
1045608,41700,Washington/Wabash,01/11/2021,W,"2,124"
1045609,41700,Washington/Wabash,01/12/2021,W,"2,238"
1045610,41700,Washington/Wabash,01/13/2021,W,"2,292"
1045611,41700,Washington/Wabash,01/14/2021,W,"2,116"
1045612,41700,Washington/Wabash,01/15/2021,W,"2,175"
1045613,41700,Washington/Wabash,01/16/2021,A,"1,427"
1045614,41700,Washington/Wabash,01/17/2021,U,984
1045615,41700,Washington/Wabash,01/18/2021,W,"1,800"
1045616,41700,Washington/Wabash,01/19/2021,W,"2,232"
1045617,41700,Washington/Wabash,01/20/2021,W,"1,945"
1045618,41700,Washington/Wabash,01/21/2021,W,"2,345"
1045619,41700,Washington/Wabash,01/22/2021,W,"2,107"
1045620,41700,Washington/Wabash,01/23/2021,A,"1,602"
1045621,41700,Washington/Wabash,01/24/2021,U,"1,052"
1045622,41700,Washington/Wabash,01/25/2021,W,"2,211"
1045623,41700,Washington/Wabash,01/26/2021,W,"1,922"
1045624,41700,Washington/Wabash,01/27/2021,W,"2,157"
1045625,41700,Washington/Wabash,01/28/2021,W,"2,206"
1045626,41700,Washington/Wabash,01/29/2021,W,"2,209"
1045627,41700,Washington/Wabash,01/30/2021,A,"1,379"
1045628,41700,Washington/Wabash,01/31/2021,U,679
1049606,41700,Washington/Wabash,02/01/2021,W,"2,193"
1049607,41700,Washington/Wabash,02/02/2021,W,"2,269"
1049608,41700,Washington/Wabash,02/03/2021,W,"2,357"
1049609,41700,Washington/Wabash,02/04/2021,W,"2,230"
1049610,41700,Washington/Wabash,02/05/2021,W,"1,986"
1049611,41700,Washington/Wabash,02/06/2021,A,"1,073"
1049612,41700,Washington/Wabash,02/07/2021,U,655
1049613,41700,Washington/Wabash,02/08/2021,W,"1,904"
1049614,41700,Washington/Wabash,02/09/2021,W,"2,179"
1049615,41700,Washington/Wabash,02/10/2021,W,"2,144"
1049616,41700,Washington/Wabash,02/11/2021,W,"2,222"
1049617,41700,Washington/Wabash,02/12/2021,W,"2,155"
1049618,41700,Washington/Wabash,02/13/2021,A,"1,513"
1049619,41700,Washington/Wabash,02/14/2021,U,837
1049620,41700,Washington/Wabash,02/15/2021,W,"1,685"
1049621,41700,Washington/Wabash,02/16/2021,W,"1,347"
1049622,41700,Washington/Wabash,02/17/2021,W,"2,139"
1049623,41700,Washington/Wabash,02/18/2021,W,"2,329"
1049624,41700,Washington/Wabash,02/19/2021,W,"2,316"
1049625,41700,Washington/Wabash,02/20/2021,A,"1,521"
1049626,41700,Washington/Wabash,02/21/2021,U,"1,056"
1049627,41700,Washington/Wabash,02/22/2021,W,"2,257"
1049628,41700,Washington/Wabash,02/23/2021,W,"2,510"
1049629,41700,Washington/Wabash,02/24/2021,W,"2,449"
1049630,41700,Washington/Wabash,02/25/2021,W,"2,549"
1049631,41700,Washington/Wabash,02/26/2021,W,"2,658"
1049632,41700,Washington/Wabash,02/27/2021,A,"1,920"
1049633,41700,Washington/Wabash,02/28/2021,U,"1,203"
1054035,41700,Washington/Wabash,03/01/2021,W,"2,462"
1054036,41700,Washington/Wabash,03/02/2021,W,"2,569"
1054037,41700,Washington/Wabash,03/03/2021,W,"2,670"
1054038,41700,Washington/Wabash,03/04/2021,W,"2,568"
1054039,41700,Washington/Wabash,03/05/2021,W,"2,673"
1054040,41700,Washington/Wabash,03/06/2021,A,"1,942"
1054041,41700,Washington/Wabash,03/07/2021,U,"1,299"
1054042,41700,Washington/Wabash,03/08/2021,W,"2,608"
1054043,41700,Washington/Wabash,03/09/2021,W,"2,895"
1054044,41700,Washington/Wabash,03/10/2021,W,"2,498"
1054045,41700,Washington/Wabash,03/11/2021,W,"2,738"
1054046,41700,Washington/Wabash,03/12/2021,W,"2,771"
1054047,41700,Washington/Wabash,03/13/2021,A,"1,982"
1054048,41700,Washington/Wabash,03/14/2021,U,"1,422"
1054049,41700,Washington/Wabash,03/15/2021,W,"2,227"
1054050,41700,Washington/Wabash,03/16/2021,W,"2,569"
1054051,41700,Washington/Wabash,03/17/2021,W,"2,642"
1054052,41700,Washington/Wabash,03/18/2021,W,"2,627"
1054053,41700,Washington/Wabash,03/19/2021,W,"2,852"
1054054,41700,Washington/Wabash,03/20/2021,A,"2,435"
1054055,41700,Washington/Wabash,03/21/2021,U,"2,042"
1054056,41700,Washington/Wabash,03/22/2021,W,"2,916"
1054057,41700,Washington/Wabash,03/23/2021,W,"2,567"
1054058,41700,Washington/Wabash,03/24/2021,W,"2,786"
1054059,41700,Washington/Wabash,03/25/2021,W,"2,718"
1054060,41700,Washington/Wabash,03/26/2021,W,"2,854"
1054061,41700,Washington/Wabash,03/27/2021,A,"2,157"
1054062,41700,Washington/Wabash,03/28/2021,U,"1,554"
1054063,41700,Washington/Wabash,03/29/2021,W,"2,873"
1054064,41700,Washington/Wabash,03/30/2021,W,"3,100"
1054065,41700,Washington/Wabash,03/31/2021,W,"2,847"
1058326,41700,Washington/Wabash,04/01/2021,W,"2,906"
1058327,41700,Washington/Wabash,04/02/2021,W,"3,176"
1058328,41700,Washington/Wabash,04/03/2021,A,"2,535"
1058329,41700,Washington/Wabash,04/04/2021,U,"1,498"
1058330,41700,Washington/Wabash,04/05/2021,W,"2,792"
1058331,41700,Washington/Wabash,04/06/2021,W,"3,006"
1058332,41700,Washington/Wabash,04/07/2021,W,"2,881"
1058333,41700,Washington/Wabash,04/08/2021,W,"2,717"
1058334,41700,Washington/Wabash,04/09/2021,W,"3,077"
1058335,41700,Washington/Wabash,04/10/2021,A,"1,921"
1058336,41700,Washington/Wabash,04/11/2021,U,"1,533"
1058337,41700,Washington/Wabash,04/12/2021,W,"2,773"
1058338,41700,Washington/Wabash,04/13/2021,W,"2,947"
1058339,41700,Washington/Wabash,04/14/2021,W,"2,653"
1058340,41700,Washington/Wabash,04/15/2021,W,"2,758"
1058341,41700,Washington/Wabash,04/16/2021,W,"3,067"
1058342,41700,Washington/Wabash,04/17/2021,A,"2,477"
1058343,41700,Washington/Wabash,04/18/2021,U,"1,582"
1058344,41700,Washington/Wabash,04/19/2021,W,"2,639"
1058345,41700,Washington/Wabash,04/20/2021,W,"2,687"
1058346,41700,Washington/Wabash,04/21/2021,W,"2,665"
1058347,41700,Washington/Wabash,04/22/2021,W,"3,004"
1058348,41700,Washington/Wabash,04/23/2021,W,"3,098"
1058349,41700,Washington/Wabash,04/24/2021,A,"2,301"
1058350,41700,Washington/Wabash,04/25/2021,U,"1,583"
1058351,41700,Washington/Wabash,04/26/2021,W,"3,006"
1058352,41700,Washington/Wabash,04/27/2021,W,"3,455"
1058353,41700,Washington/Wabash,04/28/2021,W,"2,659"
1058354,41700,Washington/Wabash,04/29/2021,W,"2,843"
1058355,41700,Washington/Wabash,04/30/2021,W,"3,298"
1062758,41700,Washington/Wabash,05/01/2021,A,"2,684"
1062759,41700,Washington/Wabash,05/02/2021,U,"2,135"
1062760,41700,Washington/Wabash,05/03/2021,W,"2,898"
1062761,41700,Washington/Wabash,05/04/2021,W,"2,890"
1062762,41700,Washington/Wabash,05/05/2021,W,"3,051"
1062763,41700,Washington/Wabash,05/06/2021,W,"2,979"
1062764,41700,Washington/Wabash,05/07/2021,W,"3,249"
1062765,41700,Washington/Wabash,05/08/2021,A,"2,376"
1062766,41700,Washington/Wabash,05/09/2021,U,"1,354"
1062767,41700,Washington/Wabash,05/10/2021,W,"2,896"
1062768,41700,Washington/Wabash,05/11/2021,W,"3,082"
1062769,41700,Washington/Wabash,05/12/2021,W,"3,133"
1062770,41700,Washington/Wabash,05/13/2021,W,"3,362"
1062771,41700,Washington/Wabash,05/14/2021,W,"3,515"
1062772,41700,Washington/Wabash,05/15/2021,A,"2,393"
1062773,41700,Washington/Wabash,05/16/2021,U,"2,214"
1062774,41700,Washington/Wabash,05/17/2021,W,"3,105"
1062775,41700,Washington/Wabash,05/18/2021,W,"3,078"
1062776,41700,Washington/Wabash,05/19/2021,W,"3,258"
1062777,41700,Washington/Wabash,05/20/2021,W,"3,601"
1062778,41700,Washington/Wabash,05/21/2021,W,"3,879"
1062779,41700,Washington/Wabash,05/22/2021,A,"2,996"
1062780,41700,Washington/Wabash,05/23/2021,U,"1,894"
1062781,41700,Washington/Wabash,05/24/2021,W,"3,323"
1062782,41700,Washington/Wabash,05/25/2021,W,"3,235"
1062783,41700,Washington/Wabash,05/26/2021,W,"3,591"
1062784,41700,Washington/Wabash,05/27/2021,W,"3,233"
1062785,41700,Washington/Wabash,05/28/2021,W,"3,153"
1062786,41700,Washington/Wabash,05/29/2021,A,"3,165"
1062787,41700,Washington/Wabash,05/30/2021,U,"2,732"
1062788,41700,Washington/Wabash,05/31/2021,U,"2,404"
1067049,41700,Washington/Wabash,06/01/2021,W,"3,700"
1067050,41700,Washington/Wabash,06/02/2021,W,"3,670"
1067051,41700,Washington/Wabash,06/03/2021,W,"4,025"
1067052,41700,Washington/Wabash,06/04/2021,W,"3,994"
1067053,41700,Washington/Wabash,06/05/2021,A,"3,303"
1067054,41700,Washington/Wabash,06/06/2021,U,"2,443"
1067055,41700,Washington/Wabash,06/07/2021,W,"3,490"
1067056,41700,Washington/Wabash,06/08/2021,W,"3,752"
1067057,41700,Washington/Wabash,06/09/2021,W,"3,916"
1067058,41700,Washington/Wabash,06/10/2021,W,"4,033"
1067059,41700,Washington/Wabash,06/11/2021,W,"4,184"
1067060,41700,Washington/Wabash,06/12/2021,A,"3,193"
1067061,41700,Washington/Wabash,06/13/2021,U,"2,823"
1067062,41700,Washington/Wabash,06/14/2021,W,"4,070"
1067063,41700,Washington/Wabash,06/15/2021,W,"4,075"
1067064,41700,Washington/Wabash,06/16/2021,W,"4,248"
1067065,41700,Washington/Wabash,06/17/2021,W,"4,366"
1067066,41700,Washington/Wabash,06/18/2021,W,"4,270"
1067067,41700,Washington/Wabash,06/19/2021,A,"3,546"
1067068,41700,Washington/Wabash,06/20/2021,U,"2,029"
1067069,41700,Washington/Wabash,06/21/2021,W,"3,747"
1067070,41700,Washington/Wabash,06/22/2021,W,"4,109"
1067071,41700,Washington/Wabash,06/23/2021,W,"3,991"
1067072,41700,Washington/Wabash,06/24/2021,W,"3,970"
1067073,41700,Washington/Wabash,06/25/2021,W,"3,856"
1067074,41700,Washington/Wabash,06/26/2021,A,"2,876"
1067075,41700,Washington/Wabash,06/27/2021,U,"2,938"
1067076,41700,Washington/Wabash,06/28/2021,W,"3,750"
1067077,41700,Washington/Wabash,06/29/2021,W,"3,753"
1067078,41700,Washington/Wabash,06/30/2021,W,"3,919"
1071481,41700,Washington/Wabash,07/01/2021,W,"4,594"
1071482,41700,Washington/Wabash,07/02/2021,W,"4,673"
1071483,41700,Washington/Wabash,07/03/2021,A,"4,055"
1071484,41700,Washington/Wabash,07/04/2021,U,"2,718"
1071485,41700,Washington/Wabash,07/05/2021,U,"3,013"
1071486,41700,Washington/Wabash,07/06/2021,W,"4,324"
1071487,41700,Washington/Wabash,07/07/2021,W,"4,764"
1071488,41700,Washington/Wabash,07/08/2021,W,"4,906"
1071489,41700,Washington/Wabash,07/09/2021,W,"4,994"
1071490,41700,Washington/Wabash,07/10/2021,A,"3,603"
1071491,41700,Washington/Wabash,07/11/2021,U,"2,565"
1071492,41700,Washington/Wabash,07/12/2021,W,"4,163"
1071493,41700,Washington/Wabash,07/13/2021,W,"4,469"
1071494,41700,Washington/Wabash,07/14/2021,W,"4,964"
1071495,41700,Washington/Wabash,07/15/2021,W,"4,517"
1071496,41700,Washington/Wabash,07/16/2021,W,"4,691"
1071497,41700,Washington/Wabash,07/17/2021,A,"4,569"
1071498,41700,Washington/Wabash,07/18/2021,U,"3,599"
1071499,41700,Washington/Wabash,07/19/2021,W,"4,460"
1071500,41700,Washington/Wabash,07/20/2021,W,"4,547"
1071501,41700,Washington/Wabash,07/21/2021,W,"4,842"
1071502,41700,Washington/Wabash,07/22/2021,W,"4,955"
1071503,41700,Washington/Wabash,07/23/2021,W,"5,002"
1071504,41700,Washington/Wabash,07/24/2021,A,"3,822"
1071505,41700,Washington/Wabash,07/25/2021,U,"3,125"
1071506,41700,Washington/Wabash,07/26/2021,W,"4,478"
1071507,41700,Washington/Wabash,07/27/2021,W,"4,830"
1071508,41700,Washington/Wabash,07/28/2021,W,"5,322"
1071509,41700,Washington/Wabash,07/29/2021,W,"6,035"
1071510,41700,Washington/Wabash,07/30/2021,W,"6,622"
1071511,41700,Washington/Wabash,07/31/2021,A,"4,938"
1075914,41700,Washington/Wabash,08/01/2021,U,"4,463"
1075915,41700,Washington/Wabash,08/02/2021,W,"5,032"
1075916,41700,Washington/Wabash,08/03/2021,W,"4,890"
1075917,41700,Washington/Wabash,08/04/2021,W,"4,897"
1075918,41700,Washington/Wabash,08/05/2021,W,"4,967"
1075919,41700,Washington/Wabash,08/06/2021,W,"4,892"
1075920,41700,Washington/Wabash,08/07/2021,A,"5,208"
1075921,41700,Washington/Wabash,08/08/2021,U,"4,491"
1075922,41700,Washington/Wabash,08/09/2021,W,"4,483"
1075923,41700,Washington/Wabash,08/10/2021,W,"4,604"
1075924,41700,Washington/Wabash,08/11/2021,W,"4,658"
1075925,41700,Washington/Wabash,08/12/2021,W,"4,893"
1075926,41700,Washington/Wabash,08/13/2021,W,"5,323"
1075927,41700,Washington/Wabash,08/14/2021,A,"4,292"
1075928,41700,Washington/Wabash,08/15/2021,U,"3,148"
1075929,41700,Washington/Wabash,08/16/2021,W,"4,617"
1075930,41700,Washington/Wabash,08/17/2021,W,"4,616"
1075931,41700,Washington/Wabash,08/18/2021,W,"4,963"
1075932,41700,Washington/Wabash,08/19/2021,W,"4,926"
1075933,41700,Washington/Wabash,08/20/2021,W,"5,066"
1075934,41700,Washington/Wabash,08/21/2021,A,"3,901"
1075935,41700,Washington/Wabash,08/22/2021,U,"3,498"
1075936,41700,Washington/Wabash,08/23/2021,W,"4,499"
1075937,41700,Washington/Wabash,08/24/2021,W,"4,310"
1075938,41700,Washington/Wabash,08/25/2021,W,"4,501"
1075939,41700,Washington/Wabash,08/26/2021,W,"4,946"
1075940,41700,Washington/Wabash,08/27/2021,W,"4,873"
1075941,41700,Washington/Wabash,08/28/2021,A,"4,771"
1075942,41700,Washington/Wabash,08/29/2021,U,"3,865"
1075943,41700,Washington/Wabash,08/30/2021,W,"4,545"
1075944,41700,Washington/Wabash,08/31/2021,W,"4,971"
1080205,41700,Washington/Wabash,09/01/2021,W,"4,738"
1080206,41700,Washington/Wabash,09/02/2021,W,"5,139"
1080207,41700,Washington/Wabash,09/03/2021,W,"5,604"
1080208,41700,Washington/Wabash,09/04/2021,A,"4,396"
1080209,41700,Washington/Wabash,09/05/2021,U,"4,163"
1080210,41700,Washington/Wabash,09/06/2021,U,"3,313"
1080211,41700,Washington/Wabash,09/07/2021,W,"4,702"
1080212,41700,Washington/Wabash,09/08/2021,W,"5,262"
1080213,41700,Washington/Wabash,09/09/2021,W,"5,576"
1080214,41700,Washington/Wabash,09/10/2021,W,"5,749"
1080215,41700,Washington/Wabash,09/11/2021,A,"4,137"
1080216,41700,Washington/Wabash,09/12/2021,U,"3,194"
1080217,41700,Washington/Wabash,09/13/2021,W,"4,919"
1080218,41700,Washington/Wabash,09/14/2021,W,"5,205"
1080219,41700,Washington/Wabash,09/15/2021,W,"5,479"
1080220,41700,Washington/Wabash,09/16/2021,W,"6,040"
1080221,41700,Washington/Wabash,09/17/2021,W,"5,907"
1080222,41700,Washington/Wabash,09/18/2021,A,"4,580"
1080223,41700,Washington/Wabash,09/19/2021,U,"3,416"
1080224,41700,Washington/Wabash,09/20/2021,W,"4,949"
1080225,41700,Washington/Wabash,09/21/2021,W,"5,202"
1080226,41700,Washington/Wabash,09/22/2021,W,"5,274"
1080227,41700,Washington/Wabash,09/23/2021,W,"5,415"
1080228,41700,Washington/Wabash,09/24/2021,W,"5,779"
1080229,41700,Washington/Wabash,09/25/2021,A,"4,592"
1080230,41700,Washington/Wabash,09/26/2021,U,"3,070"
1080231,41700,Washington/Wabash,09/27/2021,W,"5,044"
1080232,41700,Washington/Wabash,09/28/2021,W,"5,211"
1080233,41700,Washington/Wabash,09/29/2021,W,"5,174"
1080234,41700,Washington/Wabash,09/30/2021,W,"5,505"
1084638,41700,Washington/Wabash,10/01/2021,W,"5,464"
1084639,41700,Washington/Wabash,10/02/2021,A,"3,891"
1084640,41700,Washington/Wabash,10/03/2021,U,"2,728"
1084641,41700,Washington/Wabash,10/04/2021,W,"5,021"
1084642,41700,Washington/Wabash,10/05/2021,W,"5,212"
1084643,41700,Washington/Wabash,10/06/2021,W,"5,067"
1084644,41700,Washington/Wabash,10/07/2021,W,"5,197"
1084645,41700,Washington/Wabash,10/08/2021,W,"5,948"
1084646,41700,Washington/Wabash,10/09/2021,A,"5,141"
1084647,41700,Washington/Wabash,10/10/2021,U,"4,693"
1084648,41700,Washington/Wabash,10/11/2021,W,"4,406"
1084649,41700,Washington/Wabash,10/12/2021,W,"5,410"
1084650,41700,Washington/Wabash,10/13/2021,W,"5,343"
1084651,41700,Washington/Wabash,10/14/2021,W,"5,126"
1084652,41700,Washington/Wabash,10/15/2021,W,"5,573"
1084653,41700,Washington/Wabash,10/16/2021,A,"4,076"
1084654,41700,Washington/Wabash,10/17/2021,U,"3,095"
1084655,41700,Washington/Wabash,10/18/2021,W,"4,872"
1084656,41700,Washington/Wabash,10/19/2021,W,"5,391"
1084657,41700,Washington/Wabash,10/20/2021,W,"5,093"
1084658,41700,Washington/Wabash,10/21/2021,W,"5,024"
1084659,41700,Washington/Wabash,10/22/2021,W,"5,264"
1084660,41700,Washington/Wabash,10/23/2021,A,"3,845"
1084661,41700,Washington/Wabash,10/24/2021,U,"1,951"
1084662,41700,Washington/Wabash,10/25/2021,W,"4,476"
1084663,41700,Washington/Wabash,10/26/2021,W,"5,307"
1084664,41700,Washington/Wabash,10/27/2021,W,"5,086"
1084665,41700,Washington/Wabash,10/28/2021,W,"5,247"
1084666,41700,Washington/Wabash,10/29/2021,W,"4,822"
1084667,41700,Washington/Wabash,10/30/2021,A,"4,020"
1084668,41700,Washington/Wabash,10/31/2021,U,"2,544"
1088928,41700,Washington/Wabash,11/01/2021,W,"5,067"
1088929,41700,Washington/Wabash,11/02/2021,W,"5,364"
1088930,41700,Washington/Wabash,11/03/2021,W,"5,428"
1088931,41700,Washington/Wabash,11/04/2021,W,"5,401"
1088932,41700,Washington/Wabash,11/05/2021,W,"5,422"
1088933,41700,Washington/Wabash,11/06/2021,A,"4,058"
1088934,41700,Washington/Wabash,11/07/2021,U,"2,929"
1088935,41700,Washington/Wabash,11/08/2021,W,"5,225"
1088936,41700,Washington/Wabash,11/09/2021,W,"5,416"
1088937,41700,Washington/Wabash,11/10/2021,W,"5,444"
1088938,41700,Washington/Wabash,11/11/2021,W,"4,311"
1088939,41700,Washington/Wabash,11/12/2021,W,"5,228"
1088940,41700,Washington/Wabash,11/13/2021,A,"3,574"
1088941,41700,Washington/Wabash,11/14/2021,U,"2,170"
1088942,41700,Washington/Wabash,11/15/2021,W,"5,043"
1088943,41700,Washington/Wabash,11/16/2021,W,"5,546"
1088944,41700,Washington/Wabash,11/17/2021,W,"5,007"
1088945,41700,Washington/Wabash,11/18/2021,W,"5,527"
1088946,41700,Washington/Wabash,11/19/2021,W,"8,141"
1088947,41700,Washington/Wabash,11/20/2021,A,"5,891"
1088948,41700,Washington/Wabash,11/21/2021,U,"3,309"
1088949,41700,Washington/Wabash,11/22/2021,W,"5,471"
1088950,41700,Washington/Wabash,11/23/2021,W,"5,948"
1088951,41700,Washington/Wabash,11/24/2021,W,"5,431"
1088952,41700,Washington/Wabash,11/25/2021,U,"2,040"
1088953,41700,Washington/Wabash,11/26/2021,W,"4,579"
1088954,41700,Washington/Wabash,11/27/2021,A,"4,293"
1088955,41700,Washington/Wabash,11/28/2021,U,"2,985"
1088956,41700,Washington/Wabash,11/29/2021,W,"5,161"
1088957,41700,Washington/Wabash,11/30/2021,W,"5,633"
